,App,Category,Rating,Reviews,Size,Installs,Type,Price,Content Rating,Genres,Last Updated,Current Ver,Android Ver,Sentiment,Sentiment_Polarity,Sentiment_Subjectivity
0,"Canva: Poster, banner, card maker & graphic design",ART_AND_DESIGN,4.7,174531,24M,10000000,Free,0,Everyone,Art & Design,"July 31, 2018",1.6.1,4.1 and up,Positive,0.2048395689349636,0.5360009824483508
1,"Android Auto - Maps, Media, Messaging & Voice",AUTO_AND_VEHICLES,4.2,271920,16M,10000000,Free,0,Teen,Auto & Vehicles,"July 11, 2018",Varies with device,5.0 and up,Positive,0.2877923040754261,0.5447434959291718
2,Beauty Camera - Selfie Camera,BEAUTY,4.0,113715,Varies with device,10000000,Free,0,Everyone,Beauty,"August 3, 2017",Varies with device,Varies with device,Positive,0.1999936618165784,0.4508201058201058
3,Amazon Kindle,BOOKS_AND_REFERENCE,4.2,814080,Varies with device,100000000,Free,0,Teen,Books & Reference,"July 27, 2018",Varies with device,Varies with device,Positive,0.0651918671343387,0.4601174881982962
4,Amazon Kindle,BOOKS_AND_REFERENCE,4.2,814151,Varies with device,100000000,Free,0,Teen,Books & Reference,"July 27, 2018",Varies with device,Varies with device,Positive,0.0651918671343387,0.4601174881982962
5,Cool Reader,BOOKS_AND_REFERENCE,4.5,246315,Varies with device,10000000,Free,0,Everyone,Books & Reference,"July 17, 2015",Varies with device,1.5 and up,Positive,0.115840791609706,0.4773699162679426
6,Dictionary - Merriam-Webster,BOOKS_AND_REFERENCE,4.5,454060,Varies with device,10000000,Free,0,Everyone,Books & Reference,"May 18, 2018",Varies with device,Varies with device,Positive,0.2387310606060605,0.4623211279461279
7,Dictionary - Merriam-Webster,BOOKS_AND_REFERENCE,4.5,454412,Varies with device,10000000,Free,0,Everyone,Books & Reference,"May 18, 2018",Varies with device,Varies with device,Positive,0.2387310606060605,0.4623211279461279
8,FBReader: Favorite Book Reader,BOOKS_AND_REFERENCE,4.5,203130,Varies with device,10000000,Free,0,Everyone,Books & Reference,"June 28, 2018",Varies with device,Varies with device,Positive,0.2777048112144266,0.4724487336025797
9,HTC Help,BOOKS_AND_REFERENCE,4.2,8342,Varies with device,10000000,Free,0,Everyone,Books & Reference,"August 28, 2017",9.00.950462,7.0 and up,Positive,0.1068702125420875,0.3478900462962963
10,Google Primer,BUSINESS,4.4,62272,18M,10000000,Free,0,Everyone,Business,"June 26, 2018",3.550.2,4.1 and up,Positive,0.75,0.675
11,Facebook Pages Manager,BUSINESS,4.0,1279184,Varies with device,50000000,Free,0,Everyone,Business,"August 2, 2018",Varies with device,Varies with device,Negative,-0.0610827285459638,0.4408528562940327
12,Facebook Pages Manager,BUSINESS,4.0,1279800,Varies with device,50000000,Free,0,Everyone,Business,"August 6, 2018",Varies with device,Varies with device,Negative,-0.0610827285459638,0.4408528562940327
13,Box,BUSINESS,4.2,159872,Varies with device,10000000,Free,0,Everyone,Business,"July 31, 2018",Varies with device,Varies with device,Positive,0.4100005087505087,0.4350864875864875
14,Box,BUSINESS,4.2,159872,Varies with device,10000000,Free,0,Everyone,Business,"July 31, 2018",Varies with device,Varies with device,Positive,0.4100005087505087,0.4350864875864875
15,Box,BUSINESS,4.2,159872,Varies with device,10000000,Free,0,Everyone,Business,"July 31, 2018",Varies with device,Varies with device,Positive,0.4100005087505087,0.4350864875864875
16,Fast Scanner : Free PDF Scan,BUSINESS,4.5,103755,14M,10000000,Free,0,Everyone,Business,"July 11, 2018",3.9.2,4.1 and up,Positive,0.3130631605631605,0.4279001891501892
17,Fast Scanner : Free PDF Scan,BUSINESS,4.5,103755,14M,10000000,Free,0,Everyone,Business,"July 11, 2018",3.9.2,4.1 and up,Positive,0.3130631605631605,0.4279001891501892
18,Cisco Webex Meetings,BUSINESS,4.4,108741,28M,10000000,Free,0,Everyone,Business,"July 20, 2018",11.1.0,4.3 and up,Positive,0.1035770248270248,0.4623848528015195
19,Gmail,COMMUNICATION,4.3,4604324,Varies with device,1000000000,Free,0,Everyone,Communication,"August 2, 2018",Varies with device,Varies with device,Positive,0.0713831018518518,0.4659200872189153
20,Gmail,COMMUNICATION,4.3,4604483,Varies with device,1000000000,Free,0,Everyone,Communication,"August 2, 2018",Varies with device,Varies with device,Positive,0.0713831018518518,0.4659200872189153
21,Gmail,COMMUNICATION,4.3,4604324,Varies with device,1000000000,Free,0,Everyone,Communication,"August 2, 2018",Varies with device,Varies with device,Positive,0.0713831018518518,0.4659200872189153
22,Hangouts,COMMUNICATION,4.0,3419249,Varies with device,1000000000,Free,0,Everyone,Communication,"July 21, 2018",Varies with device,Varies with device,Positive,0.2515033286340852,0.5312487273123238
23,Hangouts,COMMUNICATION,4.0,3419433,Varies with device,1000000000,Free,0,Everyone,Communication,"July 21, 2018",Varies with device,Varies with device,Positive,0.2515033286340852,0.5312487273123238
24,Hangouts,COMMUNICATION,4.0,3419513,Varies with device,1000000000,Free,0,Everyone,Communication,"July 21, 2018",Varies with device,Varies with device,Positive,0.2515033286340852,0.5312487273123238
25,Hangouts,COMMUNICATION,4.0,3419464,Varies with device,1000000000,Free,0,Everyone,Communication,"July 21, 2018",Varies with device,Varies with device,Positive,0.2515033286340852,0.5312487273123238
26,Firefox Browser fast & private,COMMUNICATION,4.4,3075028,Varies with device,100000000,Free,0,Everyone,Communication,"July 10, 2018",Varies with device,Varies with device,Positive,0.1101420189894564,0.5187862517847506
27,Firefox Browser fast & private,COMMUNICATION,4.4,3075118,Varies with device,100000000,Free,0,Everyone,Communication,"July 10, 2018",Varies with device,Varies with device,Positive,0.1101420189894564,0.5187862517847506
28,Firefox Browser fast & private,COMMUNICATION,4.4,3075096,Varies with device,100000000,Free,0,Everyone,Communication,"July 10, 2018",Varies with device,Varies with device,Positive,0.1101420189894564,0.5187862517847506
29,Contacts,COMMUNICATION,4.3,66602,Varies with device,50000000,Free,0,Everyone,Communication,"June 26, 2018",2.8.4.201036949,5.0 and up,Positive,0.0122487102300894,0.4721338263866459
30,Browser 4G,COMMUNICATION,4.3,192948,6.6M,10000000,Free,0,Everyone,Communication,"June 19, 2018",24.6.6,4.0.3 - 7.1.1,Positive,0.3370836118538324,0.4429032976827094
31,Cricket Visual Voicemail,COMMUNICATION,3.9,13698,5.1M,10000000,Free,0,Everyone,Communication,"July 2, 2018",3.2.0.100171,4.1 and up,Positive,0.0620025918195561,0.4195424700960415
32,Google Voice,COMMUNICATION,4.2,171031,Varies with device,10000000,Free,0,Everyone,Communication,"August 3, 2018",Varies with device,Varies with device,Neutral,0.1524792850378787,0.1962215909090909
33,Google Voice,COMMUNICATION,4.2,171031,Varies with device,10000000,Free,0,Everyone,Communication,"August 3, 2018",Varies with device,Varies with device,Neutral,0.1524792850378787,0.1962215909090909
34,Google Voice,COMMUNICATION,4.2,171052,Varies with device,10000000,Free,0,Everyone,Communication,"August 3, 2018",Varies with device,Varies with device,Neutral,0.1524792850378787,0.1962215909090909
35,Android Messages,COMMUNICATION,4.2,781810,Varies with device,100000000,Free,0,Everyone,Communication,"August 1, 2018",Varies with device,Varies with device,Positive,0.071675937548939,0.5132160195532288
36,Android Messages,COMMUNICATION,4.2,781810,Varies with device,100000000,Free,0,Everyone,Communication,"August 1, 2018",Varies with device,Varies with device,Positive,0.071675937548939,0.5132160195532288
37,Google Duo - High Quality Video Calls,COMMUNICATION,4.6,2083237,Varies with device,500000000,Free,0,Everyone,Communication,"July 31, 2018",37.1.206017801.DR37_RC14,4.4 and up,Positive,0.2856898148148148,0.4979907407407407
38,Google Duo - High Quality Video Calls,COMMUNICATION,4.6,2083237,Varies with device,500000000,Free,0,Everyone,Communication,"July 31, 2018",37.1.206017801.DR37_RC14,4.4 and up,Positive,0.2856898148148148,0.4979907407407407
39,AT&T Visual Voicemail,COMMUNICATION,3.7,13761,Varies with device,10000000,Free,0,Everyone,Communication,"June 27, 2018",Varies with device,Varies with device,Positive,0.0299755411255411,0.4525938672438672
40,GMX Mail,COMMUNICATION,4.3,258556,Varies with device,10000000,Free,0,Everyone,Communication,"July 25, 2018",Varies with device,Varies with device,Positive,0.3400470779220779,0.5407398018648019
41,"GO SMS Pro - Messenger, Free Themes, Emoji",COMMUNICATION,4.4,2876500,24M,100000000,Free,0,Everyone,Communication,"August 1, 2018",7.73,4.0 and up,Positive,0.2024882756132756,0.4398316960816961
42,GroupMe,COMMUNICATION,4.5,330761,Varies with device,10000000,Free,0,Everyone,Communication,"July 3, 2018",Varies with device,Varies with device,Positive,0.1184400408619158,0.518137446598985
43,BBM - Free Calls & Messages,COMMUNICATION,4.3,12842860,Varies with device,100000000,Free,0,Everyone,Communication,"August 2, 2018",Varies with device,4.0.3 and up,Positive,0.1544232523738662,0.4618904521404521
44,BBM - Free Calls & Messages,COMMUNICATION,4.3,12843436,Varies with device,100000000,Free,0,Everyone,Communication,"August 2, 2018",Varies with device,4.0.3 and up,Positive,0.1544232523738662,0.4618904521404521
45,"CM Browser - Ad Blocker , Fast Download , Privacy",COMMUNICATION,4.6,2264916,6.1M,50000000,Free,0,Everyone,Communication,"July 31, 2018",5.22.18.0006,4.0 and up,Negative,0.0125,0.6875
46,"CM Browser - Ad Blocker , Fast Download , Privacy",COMMUNICATION,4.6,2265084,6.1M,50000000,Free,0,Everyone,Communication,"July 31, 2018",5.22.18.0006,4.0 and up,Negative,0.0125,0.6875
47,Contacts+,COMMUNICATION,4.2,190613,11M,10000000,Free,0,Everyone,Communication,"July 31, 2018",5.85.1,4.0.3 and up,Positive,0.4108145831994516,0.4530827603196025
48,ExDialer - Dialer & Contacts,COMMUNICATION,4.2,125232,2.7M,10000000,Free,0,Everyone,Communication,"March 5, 2017",196,2.1 and up,Positive,0.2713527987019366,0.4956886281403933
49,"CallApp: Caller ID, Blocker & Phone Call Recorder",COMMUNICATION,4.4,483565,20M,10000000,Free,0,Everyone,Communication,"July 29, 2018",1.286,4.1 and up,Positive,0.3907407407407408,0.5064814814814815
50,"CallApp: Caller ID, Blocker & Phone Call Recorder",COMMUNICATION,4.4,483782,20M,10000000,Free,0,Everyone,Communication,"July 29, 2018",1.286,4.1 and up,Positive,0.3907407407407408,0.5064814814814815
51,Calls Blacklist - Call Blocker,COMMUNICATION,4.5,457283,Varies with device,10000000,Free,0,Everyone,Communication,"May 24, 2018",Varies with device,Varies with device,Positive,0.1241623376623376,0.6151919191919192
52,GO Notifier,COMMUNICATION,4.2,124346,695k,10000000,Free,0,Everyone,Communication,"July 6, 2014",2.8,2.0 and up,Positive,0.0675195892751039,0.4230678104575163
53,"Chat Rooms, Avatars, Date - Galaxy",DATING,4.3,135418,Varies with device,10000000,Free,0,Mature 17+,Dating,"July 7, 2018",Varies with device,Varies with device,Positive,0.1380524855853803,0.4210644179723127
54,"Chat Rooms, Avatars, Date - Galaxy",DATING,4.3,135420,Varies with device,10000000,Free,0,Mature 17+,Dating,"July 7, 2018",Varies with device,Varies with device,Positive,0.1380524855853803,0.4210644179723127
55,Hitwe - meet people and chat,DATING,4.2,243950,21M,10000000,Free,0,Mature 17+,Dating,"May 10, 2018",4.3.2,4.1 and up,Negative,-0.1394560185185185,0.694104938271605
56,Duolingo: Learn Languages Free,EDUCATION,4.7,6289924,Varies with device,100000000,Free,0,Everyone,Education;Education,"August 1, 2018",Varies with device,Varies with device,Positive,0.200407738095238,0.4702147530324614
57,Duolingo: Learn Languages Free,EDUCATION,4.7,6290507,Varies with device,100000000,Free,0,Everyone,Education;Education,"August 1, 2018",Varies with device,Varies with device,Positive,0.200407738095238,0.4702147530324614
58,Duolingo: Learn Languages Free,EDUCATION,4.7,6290507,Varies with device,100000000,Free,0,Everyone,Education;Education,"August 1, 2018",Varies with device,Varies with device,Positive,0.200407738095238,0.4702147530324614
59,Duolingo: Learn Languages Free,EDUCATION,4.7,6290507,Varies with device,100000000,Free,0,Everyone,Education;Education,"August 1, 2018",Varies with device,Varies with device,Positive,0.200407738095238,0.4702147530324614
60,Duolingo: Learn Languages Free,FAMILY,4.7,6294400,Varies with device,100000000,Free,0,Everyone,Education;Education,"August 1, 2018",Varies with device,Varies with device,Positive,0.200407738095238,0.4702147530324614
61,Duolingo: Learn Languages Free,FAMILY,4.7,6294397,Varies with device,100000000,Free,0,Everyone,Education;Education,"August 1, 2018",Varies with device,Varies with device,Positive,0.200407738095238,0.4702147530324614
62,Duolingo: Learn Languages Free,FAMILY,4.7,6297590,Varies with device,100000000,Free,0,Everyone,Education;Education,"August 6, 2018",Varies with device,Varies with device,Positive,0.200407738095238,0.4702147530324614
63,Edmodo,EDUCATION,4.1,200058,18M,10000000,Free,0,Everyone,Education,"July 20, 2018",9.12.5,4.0.3 and up,Positive,0.4041555349412492,0.4435581323438466
64,Edmodo,FAMILY,4.1,200214,18M,10000000,Free,0,Everyone,Education,"August 6, 2018",9.12.6,4.0.3 and up,Positive,0.4041555349412492,0.4435581323438466
65,Hotstar,ENTERTAINMENT,4.3,4885646,Varies with device,100000000,Free,0,Teen,Entertainment,"August 3, 2018",Varies with device,Varies with device,Negative,0.0381778261730828,0.4939640988971346
66,BBC Media Player,ENTERTAINMENT,3.4,87384,Varies with device,10000000,Free,0,Everyone,Entertainment,"September 14, 2016",Varies with device,Varies with device,Positive,-0.0285198337542087,0.4376107804232804
67,Amazon Prime Video,ENTERTAINMENT,4.2,411683,24M,50000000,Free,0,Teen,Entertainment,"August 2, 2018",3.0.231.18141,4.1 and up,Positive,0.4611111111111111,0.5555555555555556
68,Fandango Movies - Times + Tickets,ENTERTAINMENT,4.6,243747,Varies with device,10000000,Free,0,Teen,Entertainment,"August 2, 2018",Varies with device,Varies with device,Positive,0.1426018885515638,0.5183011234796949
69,Fandango Movies - Times + Tickets,ENTERTAINMENT,4.6,243747,Varies with device,10000000,Free,0,Teen,Entertainment,"August 2, 2018",Varies with device,Varies with device,Positive,0.1426018885515638,0.5183011234796949
70,Crunchyroll - Everything Anime,ENTERTAINMENT,3.7,310066,Varies with device,10000000,Free,0,Teen,Entertainment,"March 5, 2018",Varies with device,Varies with device,Positive,0.1775100333694083,0.4448996244331065
71,Crunchyroll - Everything Anime,ENTERTAINMENT,3.7,310095,Varies with device,10000000,Free,0,Teen,Entertainment,"March 5, 2018",Varies with device,Varies with device,Positive,0.1775100333694083,0.4448996244331065
72,Crunchyroll - Everything Anime,ENTERTAINMENT,3.7,310066,Varies with device,10000000,Free,0,Teen,Entertainment,"March 5, 2018",Varies with device,Varies with device,Positive,0.1775100333694083,0.4448996244331065
73,HBO GO: Stream with TV Package,ENTERTAINMENT,3.8,87723,32M,10000000,Free,0,Teen,Entertainment,"July 19, 2018",16.0.0.437,4.1 and up,Negative,-0.0556527117201929,0.5216060351511479
74,HBO GO: Stream with TV Package,FAMILY,3.8,87734,32M,10000000,Free,0,Teen,Entertainment,"July 19, 2018",16.0.0.437,4.1 and up,Negative,-0.0556527117201929,0.5216060351511479
75,FOX,ENTERTAINMENT,3.7,197774,44M,10000000,Free,0,Mature 17+,Entertainment,"June 25, 2018",6.6.1,4.4 and up,Positive,0.2139840252340252,0.4584032017365351
76,FOX,ENTERTAINMENT,3.7,197774,44M,10000000,Free,0,Mature 17+,Entertainment,"June 25, 2018",6.6.1,4.4 and up,Positive,0.2139840252340252,0.4584032017365351
77,Colorfy: Coloring Book for Adults - Free,ENTERTAINMENT,4.5,787177,Varies with device,10000000,Free,0,Everyone,Entertainment,"June 20, 2018",Varies with device,Varies with device,Positive,0.0467848787911724,0.6042470514179697
78,Colorfy: Coloring Book for Adults - Free,FAMILY,4.5,787107,Varies with device,10000000,Free,0,Everyone,Entertainment,"June 20, 2018",Varies with device,Varies with device,Positive,0.0467848787911724,0.6042470514179697
79,Credit Karma,FINANCE,4.7,706301,Varies with device,10000000,Free,0,Everyone,Finance,"July 31, 2018",Varies with device,Varies with device,Positive,0.2700516800659658,0.5196421459492888
80,Credit Karma,FINANCE,4.7,706302,Varies with device,10000000,Free,0,Everyone,Finance,"July 31, 2018",Varies with device,Varies with device,Positive,0.2700516800659658,0.5196421459492888
81,Credit Karma,FINANCE,4.7,706618,Varies with device,10000000,Free,0,Everyone,Finance,"July 31, 2018",Varies with device,Varies with device,Positive,0.2700516800659658,0.5196421459492888
82,Google Pay,FINANCE,4.2,347838,Varies with device,100000000,Free,0,Everyone,Finance,"July 26, 2018",2.70.206190089,Varies with device,Positive,0.1156874860995739,0.5077741771354409
83,Google Pay,FINANCE,4.2,347838,Varies with device,100000000,Free,0,Everyone,Finance,"July 26, 2018",2.70.206190089,Varies with device,Positive,0.1156874860995739,0.5077741771354409
84,Google Pay,FINANCE,4.2,347874,Varies with device,100000000,Free,0,Everyone,Finance,"July 26, 2018",2.70.206190089,Varies with device,Positive,0.1156874860995739,0.5077741771354409
85,Google Pay,FINANCE,4.2,348132,Varies with device,100000000,Free,0,Everyone,Finance,"July 26, 2018",2.70.206190089,Varies with device,Positive,0.1156874860995739,0.5077741771354409
86,Bank of America Mobile Banking,FINANCE,4.4,341090,53M,10000000,Free,0,Everyone,Finance,"July 31, 2018",7.8.8,4.4 and up,Positive,0.1800268291975881,0.4850038651824366
87,Chase Mobile,FINANCE,4.6,1374549,32M,10000000,Free,0,Everyone,Finance,"July 23, 2018",3.52,5.0 and up,Positive,0.0481659967017109,0.488717625876108
88,HDFC Bank MobileBanking,FINANCE,4.2,208463,Varies with device,10000000,Free,0,Everyone,Finance,"July 26, 2018",Varies with device,Varies with device,Positive,0.1114486703772417,0.5096762265512265
89,Domino's Pizza USA,FOOD_AND_DRINK,4.7,1032935,Varies with device,10000000,Free,0,Everyone,Food & Drink,"July 20, 2018",Varies with device,Varies with device,Positive,0.2090786415933821,0.5032287457102147
90,Domino's Pizza USA,FOOD_AND_DRINK,4.7,1032935,Varies with device,10000000,Free,0,Everyone,Food & Drink,"July 20, 2018",Varies with device,Varies with device,Positive,0.2090786415933821,0.5032287457102147
91,Cookpad,FOOD_AND_DRINK,4.5,131569,8.2M,10000000,Free,0,Everyone,Food & Drink,"August 3, 2018",2.76.2.0-android,4.2 and up,Positive,0.2574367684784351,0.5483966650633317
92,Foursquare City Guide,FOOD_AND_DRINK,4.1,483960,Varies with device,10000000,Free,0,Teen,Food & Drink,"July 23, 2018",Varies with device,Varies with device,Positive,0.2002786796536796,0.4222157802514945
93,Home Workout - No Equipment,HEALTH_AND_FITNESS,4.8,428156,15M,10000000,Free,0,Everyone,Health & Fitness,"June 28, 2018",Varies with device,Varies with device,Positive,0.3383518564768565,0.5552208555333555
94,Home Workout - No Equipment,HEALTH_AND_FITNESS,4.8,432160,15M,10000000,Free,0,Everyone,Health & Fitness,"June 28, 2018",Varies with device,Varies with device,Positive,0.3383518564768565,0.5552208555333555
95,30 Day Fitness Challenge - Workout at Home,HEALTH_AND_FITNESS,4.8,471036,Varies with device,10000000,Free,0,Everyone,Health & Fitness,"August 3, 2018",Varies with device,4.0 and up,Positive,0.3335368733928641,0.5585879078678617
96,Fitbit,HEALTH_AND_FITNESS,3.9,357417,Varies with device,10000000,Free,0,Everyone,Health & Fitness,"July 26, 2018",Varies with device,Varies with device,Positive,0.2455546536796536,0.5822820466570467
97,Calorie Counter - MyFitnessPal,HEALTH_AND_FITNESS,4.6,1873516,Varies with device,50000000,Free,0,Everyone,Health & Fitness,"July 31, 2018",Varies with device,Varies with device,Positive,0.2165226236966217,0.474814114742441
98,Calorie Counter - MyFitnessPal,HEALTH_AND_FITNESS,4.6,1873523,Varies with device,50000000,Free,0,Everyone,Health & Fitness,"July 31, 2018",Varies with device,Varies with device,Positive,0.2165226236966217,0.474814114742441
99,Calorie Counter - MyFitnessPal,HEALTH_AND_FITNESS,4.6,1873520,Varies with device,50000000,Free,0,Everyone,Health & Fitness,"July 31, 2018",Varies with device,Varies with device,Positive,0.2165226236966217,0.474814114742441
100,Calorie Counter - MyFitnessPal,HEALTH_AND_FITNESS,4.6,1873520,Varies with device,50000000,Free,0,Everyone,Health & Fitness,"July 31, 2018",Varies with device,Varies with device,Positive,0.2165226236966217,0.474814114742441
101,Calorie Counter - MyFitnessPal,HEALTH_AND_FITNESS,4.6,1873523,Varies with device,50000000,Free,0,Everyone,Health & Fitness,"July 31, 2018",Varies with device,Varies with device,Positive,0.2165226236966217,0.474814114742441
102,8fit Workouts & Meal Planner,HEALTH_AND_FITNESS,4.6,115721,67M,10000000,Free,0,Everyone,Health & Fitness,"July 11, 2018",3.5.0,5.0 and up,Positive,0.2648642413061273,0.5346484758473062
103,8fit Workouts & Meal Planner,HEALTH_AND_FITNESS,4.6,115721,67M,10000000,Free,0,Everyone,Health & Fitness,"July 11, 2018",3.5.0,5.0 and up,Positive,0.2648642413061273,0.5346484758473062
104,7 Minute Workout,HEALTH_AND_FITNESS,4.5,399009,Varies with device,10000000,Free,0,Everyone,Health & Fitness,"June 8, 2018",Varies with device,Varies with device,Positive,0.4102777777777777,0.6212481962481963
105,Freeletics: Personal Trainer & Fitness Workouts,HEALTH_AND_FITNESS,4.5,130104,25M,10000000,Free,0,Everyone,Health & Fitness,"August 3, 2018",5.3,5.0 and up,Positive,0.2742506820436508,0.4637062872023809
106,Daily Workouts - Exercise Fitness Routine Trainer,HEALTH_AND_FITNESS,4.4,134195,Varies with device,10000000,Free,0,Everyone,Health & Fitness,"June 14, 2018",Varies with device,Varies with device,Positive,0.8,0.75
107,Google Fit - Fitness Tracking,HEALTH_AND_FITNESS,3.9,249855,Varies with device,10000000,Free,0,Everyone,Health & Fitness,"July 24, 2018",Varies with device,Varies with device,Positive,0.1300530303030303,0.4778642676767677
108,Headspace: Meditation & Mindfulness,HEALTH_AND_FITNESS,4.6,77563,39M,10000000,Free,0,Everyone,Health & Fitness,"July 23, 2018",3.6.4,4.2 and up,Positive,0.2270075757575757,0.4214772727272727
109,Headspace: Meditation & Mindfulness,HEALTH_AND_FITNESS,4.6,77563,39M,10000000,Free,0,Everyone,Health & Fitness,"July 23, 2018",3.6.4,4.2 and up,Positive,0.2270075757575757,0.4214772727272727
110,Aviary Stickers: Free Pack,LIBRARIES_AND_DEMO,3.5,126862,624k,10000000,Free,0,Everyone,Libraries & Demo,"January 17, 2012",1.0,2.2 and up,Positive,0.0658285525785526,0.6725140465140466
111,Diary with lock,LIFESTYLE,4.6,815893,4.4M,10000000,Free,0,Everyone,Lifestyle,"June 30, 2018",4.90,4.1 and up,Positive,0.2837633405132804,0.568277521195691
112,Diary with lock,LIFESTYLE,4.6,815280,4.4M,10000000,Free,0,Everyone,Lifestyle,"June 30, 2018",4.90,4.1 and up,Positive,0.2837633405132804,0.568277521195691
113,Family Locator - GPS Tracker,LIFESTYLE,4.4,726074,45M,10000000,Free,0,Everyone,Lifestyle,"August 2, 2018",16.7.1,4.4 and up,Positive,0.3585753523851349,0.5448769579856536
114,HTC Speak,LIFESTYLE,3.5,6145,13M,10000000,Free,0,Everyone,Lifestyle,"June 30, 2016",8.00.775375,5.0 and up,Positive,0.0041057206682206,0.3343441435108102
115,H&M,LIFESTYLE,3.7,41941,14M,10000000,Free,0,Everyone,Lifestyle,"July 30, 2018",9.6.3,4.4 and up,Positive,0.0244729564521231,0.5764898448231781
116,H&M,LIFESTYLE,3.7,41917,14M,10000000,Free,0,Everyone,Lifestyle,"July 30, 2018",9.6.3,4.4 and up,Positive,0.0244729564521231,0.5764898448231781
117,Candy Crush Saga,GAME,4.4,22426677,74M,500000000,Free,0,Everyone,Casual,"July 5, 2018",1.129.0.2,4.1 and up,Negative,0.0310678654100529,0.4562927910052909
118,Candy Crush Saga,GAME,4.4,22428456,74M,500000000,Free,0,Everyone,Casual,"July 5, 2018",1.129.0.2,4.1 and up,Negative,0.0310678654100529,0.4562927910052909
119,Candy Crush Saga,GAME,4.4,22428456,74M,500000000,Free,0,Everyone,Casual,"July 5, 2018",1.129.0.2,4.1 and up,Negative,0.0310678654100529,0.4562927910052909
120,Candy Crush Saga,GAME,4.4,22429716,74M,500000000,Free,0,Everyone,Casual,"July 5, 2018",1.129.0.2,4.1 and up,Negative,0.0310678654100529,0.4562927910052909
121,Candy Crush Saga,GAME,4.4,22430188,74M,500000000,Free,0,Everyone,Casual,"July 5, 2018",1.129.0.2,4.1 and up,Negative,0.0310678654100529,0.4562927910052909
122,Candy Crush Saga,GAME,4.4,22430188,74M,500000000,Free,0,Everyone,Casual,"July 5, 2018",1.129.0.2,4.1 and up,Negative,0.0310678654100529,0.4562927910052909
123,Candy Crush Saga,FAMILY,4.4,22419455,74M,500000000,Free,0,Everyone,Casual,"July 5, 2018",1.129.0.2,4.1 and up,Negative,0.0310678654100529,0.4562927910052909
124,Bubble Shooter,GAME,4.5,148897,46M,10000000,Free,0,Everyone,Casual,"July 17, 2018",1.20.1,4.0.3 and up,Positive,0.2536763602776534,0.5156595926423513
125,Bubble Shooter,GAME,4.5,148895,46M,10000000,Free,0,Everyone,Casual,"July 17, 2018",1.20.1,4.0.3 and up,Positive,0.2536763602776534,0.5156595926423513
126,Bubble Shooter,GAME,4.5,148945,46M,10000000,Free,0,Everyone,Casual,"July 17, 2018",1.20.1,4.0.3 and up,Positive,0.2536763602776534,0.5156595926423513
127,Bubble Shooter,GAME,4.5,148990,46M,10000000,Free,0,Everyone,Casual,"July 17, 2018",1.20.1,4.0.3 and up,Positive,0.2536763602776534,0.5156595926423513
128,Hello Kitty Nail Salon,GAME,4.2,369203,24M,50000000,Free,0,Everyone,Casual;Pretend Play,"April 17, 2018",1.5,4.1 and up,Positive,0.0574480889480889,0.517986901986902
129,Hello Kitty Nail Salon,FAMILY,4.2,369378,24M,50000000,Free,0,Everyone,Casual;Pretend Play,"April 17, 2018",1.5,4.1 and up,Positive,0.0574480889480889,0.517986901986902
130,Clash Royale,GAME,4.6,23133508,97M,100000000,Free,0,Everyone 10+,Strategy,"June 27, 2018",2.3.2,4.1 and up,Positive,0.069157108697088,0.4892359508587355
131,Clash Royale,GAME,4.6,23134775,97M,100000000,Free,0,Everyone 10+,Strategy,"June 27, 2018",2.3.2,4.1 and up,Positive,0.069157108697088,0.4892359508587355
132,Clash Royale,GAME,4.6,23136735,97M,100000000,Free,0,Everyone 10+,Strategy,"June 27, 2018",2.3.2,4.1 and up,Positive,0.069157108697088,0.4892359508587355
133,Clash Royale,FAMILY,4.6,23125280,97M,100000000,Free,0,Everyone 10+,Strategy,"June 27, 2018",2.3.2,4.1 and up,Positive,0.069157108697088,0.4892359508587355
134,Helix Jump,GAME,4.2,1497361,33M,100000000,Free,0,Everyone,Action,"April 9, 2018",1.0.6,4.1 and up,Positive,0.0996654802587348,0.4872210639607329
135,Helix Jump,GAME,4.2,1498648,33M,100000000,Free,0,Everyone,Action,"April 9, 2018",1.0.6,4.1 and up,Positive,0.0996654802587348,0.4872210639607329
136,Helix Jump,GAME,4.2,1499373,33M,100000000,Free,0,Everyone,Action,"April 9, 2018",1.0.6,4.1 and up,Positive,0.0996654802587348,0.4872210639607329
137,Helix Jump,GAME,4.2,1500999,33M,100000000,Free,0,Everyone,Action,"April 9, 2018",1.0.6,4.1 and up,Positive,0.0996654802587348,0.4872210639607329
138,Helix Jump,GAME,4.2,1500622,33M,100000000,Free,0,Everyone,Action,"April 9, 2018",1.0.6,4.1 and up,Positive,0.0996654802587348,0.4872210639607329
139,Helix Jump,GAME,4.2,1485806,33M,100000000,Free,0,Everyone,Action,"April 9, 2018",1.0.6,4.1 and up,Positive,0.0996654802587348,0.4872210639607329
140,Angry Birds Rio,GAME,4.4,2610526,46M,100000000,Free,0,Everyone,Arcade,"July 3, 2018",2.6.9,4.1 and up,Negative,-0.038924252279907,0.4715201068772497
141,Angry Birds Rio,GAME,4.4,2610622,46M,100000000,Free,0,Everyone,Arcade,"July 3, 2018",2.6.9,4.1 and up,Negative,-0.038924252279907,0.4715201068772497
142,Angry Birds Rio,GAME,4.4,2610680,46M,100000000,Free,0,Everyone,Arcade,"July 3, 2018",2.6.9,4.1 and up,Negative,-0.038924252279907,0.4715201068772497
143,Angry Birds Rio,GAME,4.4,2610328,46M,100000000,Free,0,Everyone,Arcade,"July 3, 2018",2.6.9,4.1 and up,Negative,-0.038924252279907,0.4715201068772497
144,Candy Crush Soda Saga,GAME,4.4,6198563,67M,100000000,Free,0,Everyone,Casual,"July 10, 2018",1.118.4,4.1 and up,Negative,-0.0570793657164475,0.4813299893037414
145,Candy Crush Soda Saga,GAME,4.4,6198880,67M,100000000,Free,0,Everyone,Casual,"July 10, 2018",1.118.4,4.1 and up,Negative,-0.0570793657164475,0.4813299893037414
146,Candy Crush Soda Saga,GAME,4.4,6199095,67M,100000000,Free,0,Everyone,Casual,"July 10, 2018",1.118.4,4.1 and up,Negative,-0.0570793657164475,0.4813299893037414
147,Clash of Clans,GAME,4.6,44891723,98M,100000000,Free,0,Everyone 10+,Strategy,"July 15, 2018",10.322.16,4.1 and up,Positive,0.0367556815629055,0.5339562645447385
148,Clash of Clans,GAME,4.6,44891723,98M,100000000,Free,0,Everyone 10+,Strategy,"July 15, 2018",10.322.16,4.1 and up,Positive,0.0367556815629055,0.5339562645447385
149,Clash of Clans,GAME,4.6,44893888,98M,100000000,Free,0,Everyone 10+,Strategy,"July 15, 2018",10.322.16,4.1 and up,Positive,0.0367556815629055,0.5339562645447385
150,Clash of Clans,FAMILY,4.6,44881447,98M,100000000,Free,0,Everyone 10+,Strategy,"July 15, 2018",10.322.16,4.1 and up,Positive,0.0367556815629055,0.5339562645447385
151,8 Ball Pool,GAME,4.5,14198297,52M,100000000,Free,0,Everyone,Sports,"July 31, 2018",4.0.0,4.0.3 and up,Negative,0.0012520071606734,0.4913517369146038
152,8 Ball Pool,GAME,4.5,14198602,52M,100000000,Free,0,Everyone,Sports,"July 31, 2018",4.0.0,4.0.3 and up,Negative,0.0012520071606734,0.4913517369146038
153,8 Ball Pool,GAME,4.5,14200344,52M,100000000,Free,0,Everyone,Sports,"July 31, 2018",4.0.0,4.0.3 and up,Negative,0.0012520071606734,0.4913517369146038
154,8 Ball Pool,GAME,4.5,14200550,52M,100000000,Free,0,Everyone,Sports,"July 31, 2018",4.0.0,4.0.3 and up,Negative,0.0012520071606734,0.4913517369146038
155,8 Ball Pool,GAME,4.5,14201891,52M,100000000,Free,0,Everyone,Sports,"July 31, 2018",4.0.0,4.0.3 and up,Negative,0.0012520071606734,0.4913517369146038
156,8 Ball Pool,GAME,4.5,14201604,52M,100000000,Free,0,Everyone,Sports,"July 31, 2018",4.0.0,4.0.3 and up,Negative,0.0012520071606734,0.4913517369146038
157,8 Ball Pool,SPORTS,4.5,14184910,52M,100000000,Free,0,Everyone,Sports,"July 31, 2018",4.0.0,4.0.3 and up,Negative,0.0012520071606734,0.4913517369146038
158,Bubble Witch 3 Saga,GAME,4.7,1732263,78M,50000000,Free,0,Everyone,Puzzle,"July 17, 2018",4.8.4,3.0 and up,Positive,0.0653846777928719,0.5379182096492003
159,Granny,GAME,4.5,1135631,59M,50000000,Free,0,Teen,Arcade,"May 29, 2018",1.4.0.1,4.0 and up,Positive,0.0646231638812587,0.5562993347603944
160,Granny,GAME,4.5,1137271,59M,50000000,Free,0,Teen,Arcade,"May 29, 2018",1.4.0.1,4.0 and up,Positive,0.0646231638812587,0.5562993347603944
161,Granny,GAME,4.5,1137267,59M,50000000,Free,0,Teen,Arcade,"May 29, 2018",1.4.0.1,4.0 and up,Positive,0.0646231638812587,0.5562993347603944
162,Granny,GAME,4.5,1138239,59M,50000000,Free,0,Teen,Arcade,"May 29, 2018",1.4.0.1,4.0 and up,Positive,0.0646231638812587,0.5562993347603944
163,Granny,GAME,4.5,1128805,59M,50000000,Free,0,Teen,Arcade,"May 29, 2018",1.4.0.1,4.0 and up,Positive,0.0646231638812587,0.5562993347603944
164,Angry Birds Classic,GAME,4.4,5566669,97M,100000000,Free,0,Everyone,Arcade,"May 24, 2018",7.9.3,4.1 and up,Negative,-0.0075373947642518,0.5348862663965559
165,Angry Birds Classic,GAME,4.4,5566805,97M,100000000,Free,0,Everyone,Arcade,"May 24, 2018",7.9.3,4.1 and up,Negative,-0.0075373947642518,0.5348862663965559
166,Angry Birds Classic,GAME,4.4,5566889,97M,100000000,Free,0,Everyone,Arcade,"May 24, 2018",7.9.3,4.1 and up,Negative,-0.0075373947642518,0.5348862663965559
167,Angry Birds Classic,GAME,4.4,5566908,97M,100000000,Free,0,Everyone,Arcade,"May 24, 2018",7.9.3,4.1 and up,Negative,-0.0075373947642518,0.5348862663965559
168,Angry Birds Classic,GAME,4.4,5565856,97M,100000000,Free,0,Everyone,Arcade,"May 24, 2018",7.9.3,4.1 and up,Negative,-0.0075373947642518,0.5348862663965559
169,Flow Free,GAME,4.3,1295557,11M,100000000,Free,0,Everyone,Puzzle,"April 11, 2018",4.0,4.1 and up,Positive,0.0707686270933758,0.5201833408656908
170,Flow Free,GAME,4.3,1295606,11M,100000000,Free,0,Everyone,Puzzle,"April 11, 2018",4.0,4.1 and up,Positive,0.0707686270933758,0.5201833408656908
171,Flow Free,GAME,4.3,1295625,11M,100000000,Free,0,Everyone,Puzzle,"April 11, 2018",4.0,4.1 and up,Positive,0.0707686270933758,0.5201833408656908
172,Flow Free,GAME,4.3,1295625,11M,100000000,Free,0,Everyone,Puzzle,"April 11, 2018",4.0,4.1 and up,Positive,0.0707686270933758,0.5201833408656908
173,Flow Free,FAMILY,4.3,1295293,11M,100000000,Free,0,Everyone,Puzzle,"April 11, 2018",4.0,4.1 and up,Positive,0.0707686270933758,0.5201833408656908
174,Fishdom,GAME,4.6,2157930,Varies with device,10000000,Free,0,Everyone,Puzzle,"July 19, 2018",2.21.5,4.0.3 and up,Positive,0.0595148493038343,0.5635105308518095
175,Fishdom,GAME,4.6,2157930,Varies with device,10000000,Free,0,Everyone,Puzzle,"July 19, 2018",2.21.5,4.0.3 and up,Positive,0.0595148493038343,0.5635105308518095
176,Fishdom,GAME,4.6,2158580,Varies with device,10000000,Free,0,Everyone,Puzzle,"July 19, 2018",2.21.5,4.0.3 and up,Positive,0.0595148493038343,0.5635105308518095
177,Galaxy Attack: Alien Shooter,GAME,4.6,506275,Varies with device,10000000,Free,0,Everyone,Arcade,"August 1, 2018",5.66,4.1 and up,Positive,0.077289750879303,0.4665821806717329
178,Galaxy Attack: Alien Shooter,GAME,4.6,506275,Varies with device,10000000,Free,0,Everyone,Arcade,"August 1, 2018",5.66,4.1 and up,Positive,0.077289750879303,0.4665821806717329
179,Galaxy Attack: Alien Shooter,GAME,4.6,506593,Varies with device,10000000,Free,0,Everyone,Arcade,"August 1, 2018",5.66,4.1 and up,Positive,0.077289750879303,0.4665821806717329
180,Candy Crush Jelly Saga,GAME,4.3,1300490,78M,50000000,Free,0,Everyone,Puzzle,"July 20, 2018",2.1.10,4.0 and up,Negative,-0.0923343575184328,0.4811245660731962
181,Candy Crush Jelly Saga,GAME,4.3,1300619,78M,50000000,Free,0,Everyone,Puzzle,"July 20, 2018",2.1.10,4.0 and up,Negative,-0.0923343575184328,0.4811245660731962
182,Hill Climb Racing,GAME,4.4,8923587,63M,100000000,Free,0,Everyone,Racing,"July 2, 2018",1.37.2,4.2 and up,Positive,0.0909991500098838,0.4986744997198817
183,Hill Climb Racing,GAME,4.4,8923818,63M,100000000,Free,0,Everyone,Racing,"July 2, 2018",1.37.2,4.2 and up,Positive,0.0909991500098838,0.4986744997198817
184,Hill Climb Racing,GAME,4.4,8923847,63M,100000000,Free,0,Everyone,Racing,"July 2, 2018",1.37.2,4.2 and up,Positive,0.0909991500098838,0.4986744997198817
185,Hill Climb Racing,GAME,4.4,8921451,63M,100000000,Free,0,Everyone,Racing,"July 2, 2018",1.37.2,4.2 and up,Positive,0.0909991500098838,0.4986744997198817
186,Gardenscapes,GAME,4.6,4128732,Varies with device,50000000,Free,0,Everyone,Casual,"July 13, 2018",2.6.2,4.0.3 and up,Positive,0.0195851379696963,0.5014648140223873
187,Gardenscapes,GAME,4.6,4129665,Varies with device,50000000,Free,0,Everyone,Casual,"July 13, 2018",2.6.2,4.0.3 and up,Positive,0.0195851379696963,0.5014648140223873
188,Farm Heroes Saga,GAME,4.4,7614130,70M,100000000,Free,0,Everyone,Casual,"July 26, 2018",5.1.8,2.3 and up,Positive,-0.0118105318608159,0.4444343532729896
189,Farm Heroes Saga,GAME,4.4,7614271,70M,100000000,Free,0,Everyone,Casual,"July 26, 2018",5.1.8,2.3 and up,Positive,-0.0118105318608159,0.4444343532729896
190,Farm Heroes Saga,GAME,4.4,7614415,70M,100000000,Free,0,Everyone,Casual,"July 26, 2018",5.1.8,2.3 and up,Positive,-0.0118105318608159,0.4444343532729896
191,Farm Heroes Saga,GAME,4.4,7614407,70M,100000000,Free,0,Everyone,Casual,"July 26, 2018",5.1.8,2.3 and up,Positive,-0.0118105318608159,0.4444343532729896
192,Farm Heroes Saga,FAMILY,4.4,7615646,71M,100000000,Free,0,Everyone,Casual,"August 7, 2018",5.2.6,2.3 and up,Positive,-0.0118105318608159,0.4444343532729896
193,Cut the Rope FULL FREE,GAME,4.4,2123381,49M,100000000,Free,0,Everyone,Puzzle,"July 5, 2018",3.7.2,4.1 and up,Negative,0.0130677538872691,0.5702711808929921
194,Cut the Rope FULL FREE,GAME,4.4,2123793,49M,100000000,Free,0,Everyone,Puzzle,"July 5, 2018",3.7.2,4.1 and up,Negative,0.0130677538872691,0.5702711808929921
195,Cut the Rope FULL FREE,FAMILY,4.4,2122705,49M,100000000,Free,0,Everyone,Puzzle,"July 5, 2018",3.7.2,4.1 and up,Negative,0.0130677538872691,0.5702711808929921
196,Cooking Fever,GAME,4.5,3197865,82M,100000000,Free,0,Everyone,Arcade,"July 12, 2018",2.8.0,4.0.3 and up,Negative,-0.0423314426055936,0.477864596014649
197,Cooking Fever,GAME,4.5,3198176,82M,100000000,Free,0,Everyone,Arcade,"July 12, 2018",2.8.0,4.0.3 and up,Negative,-0.0423314426055936,0.477864596014649
198,Garena Free Fire,GAME,4.5,5465624,53M,100000000,Free,0,Teen,Action,"August 3, 2018",1.21.0,4.0.3 and up,Positive,0.071157869556908,0.4941331211427365
199,Garena Free Fire,GAME,4.5,5476569,53M,100000000,Free,0,Teen,Action,"August 3, 2018",1.21.0,4.0.3 and up,Positive,0.071157869556908,0.4941331211427365
200,Garena Free Fire,GAME,4.5,5476569,53M,100000000,Free,0,Teen,Action,"August 3, 2018",1.21.0,4.0.3 and up,Positive,0.071157869556908,0.4941331211427365
201,Garena Free Fire,GAME,4.5,5534114,53M,100000000,Free,0,Teen,Action,"August 3, 2018",1.21.0,4.0.3 and up,Positive,0.071157869556908,0.4941331211427365
202,Bowmasters,GAME,4.7,1534466,Varies with device,50000000,Free,0,Teen,Action,"July 23, 2018",2.12.5,4.1 and up,Positive,0.0614154493473992,0.5005483488208554
203,Bowmasters,GAME,4.7,1535084,Varies with device,50000000,Free,0,Teen,Action,"July 23, 2018",2.12.5,4.1 and up,Positive,0.0614154493473992,0.5005483488208554
204,Bowmasters,GAME,4.7,1535973,Varies with device,50000000,Free,0,Teen,Action,"July 23, 2018",2.12.5,4.1 and up,Positive,0.0614154493473992,0.5005483488208554
205,Bowmasters,GAME,4.7,1535973,Varies with device,50000000,Free,0,Teen,Action,"July 23, 2018",2.12.5,4.1 and up,Positive,0.0614154493473992,0.5005483488208554
206,Bowmasters,GAME,4.7,1536349,Varies with device,50000000,Free,0,Teen,Action,"July 23, 2018",2.12.5,4.1 and up,Positive,0.0614154493473992,0.5005483488208554
207,Bowmasters,GAME,4.7,1535581,Varies with device,50000000,Free,0,Teen,Action,"July 23, 2018",2.12.5,4.1 and up,Positive,0.0614154493473992,0.5005483488208554
208,Dream League Soccer 2018,GAME,4.6,9882639,74M,100000000,Free,0,Everyone,Sports,"July 16, 2018",5.064,4.4 and up,Positive,-0.000518077601411,0.483123897707231
209,Dream League Soccer 2018,GAME,4.6,9883806,74M,100000000,Free,0,Everyone,Sports,"July 16, 2018",5.064,4.4 and up,Positive,-0.000518077601411,0.483123897707231
210,Dream League Soccer 2018,SPORTS,4.6,9873470,74M,100000000,Free,0,Everyone,Sports,"July 16, 2018",5.064,4.4 and up,Positive,-0.000518077601411,0.483123897707231
211,Fruits Bomb,GAME,4.4,74673,17M,10000000,Free,0,Everyone,Casual,"July 6, 2018",3.3.3179,4.0.3 and up,Positive,0.20532335280753,0.5306104619712214
212,Fruits Bomb,GAME,4.4,74695,17M,10000000,Free,0,Everyone,Casual,"July 6, 2018",3.3.3179,4.0.3 and up,Positive,0.20532335280753,0.5306104619712214
213,Hill Climb Racing 2,GAME,4.6,2750410,Varies with device,100000000,Free,0,Everyone,Racing,"August 2, 2018",1.17.2,4.2 and up,Positive,0.1621407674101837,0.4763280951585179
214,Hill Climb Racing 2,GAME,4.6,2750645,Varies with device,100000000,Free,0,Everyone,Racing,"August 2, 2018",1.17.2,4.2 and up,Positive,0.1621407674101837,0.4763280951585179
215,Extreme Car Driving Simulator,GAME,4.3,2251012,52M,100000000,Free,0,Everyone,Racing,"May 3, 2018",4.17.2,4.0 and up,Negative,-0.0736111111111111,0.4527777777777777
216,Color Road,GAME,4.1,84911,71M,10000000,Free,0,Everyone,Arcade,"July 19, 2018",2.5.0,4.1 and up,Negative,-0.0593567570353284,0.4540172570529713
217,Draw In,GAME,4.2,46416,73M,10000000,Free,0,Everyone,Arcade,"July 23, 2018",1.0.8,4.1 and up,Negative,-0.1341666666666666,0.5825
218,Baseball Boy!,GAME,3.4,148177,78M,10000000,Free,0,Everyone,Arcade,"July 27, 2018",1.7.2,4.1 and up,Negative,0.0122723971971413,0.4744802114272896
219,Episode - Choose Your Story,GAME,4.3,1841061,Varies with device,50000000,Free,0,Teen,Simulation,"July 31, 2018",Varies with device,Varies with device,Positive,0.0802737743717096,0.4811471465662314
220,Episode - Choose Your Story,FAMILY,4.3,1842381,Varies with device,50000000,Free,0,Teen,Simulation,"July 31, 2018",Varies with device,Varies with device,Positive,0.0802737743717096,0.4811471465662314
221,Hello Stars,GAME,4.6,101686,31M,10000000,Free,0,Everyone,Puzzle,"August 4, 2018",1.8.2,4.1 and up,Positive,0.1683303719497749,0.4964208718313196
222,Flip the Gun - Simulator Game,GAME,4.2,195558,86M,10000000,Free,0,Everyone,Arcade,"July 26, 2018",1.2,5.0 and up,Positive,-0.0083930652680652,0.4729878454878454
223,Harry Potter: Hogwarts Mystery,GAME,4.4,1107310,Varies with device,10000000,Free,0,Teen,Adventure,"August 1, 2018",1.8.2,4.4 and up,Positive,0.0575605395088367,0.4856774694112312
224,Harry Potter: Hogwarts Mystery,GAME,4.4,1107197,Varies with device,10000000,Free,0,Teen,Adventure,"August 1, 2018",1.8.2,4.4 and up,Positive,0.0575605395088367,0.4856774694112312
225,Homescapes,GAME,4.6,3093358,Varies with device,10000000,Free,0,Everyone,Casual,"July 13, 2018",1.8.0.900,4.0.3 and up,Positive,0.0382526438630117,0.5245812840784173
226,Homescapes,GAME,4.6,3093932,Varies with device,10000000,Free,0,Everyone,Casual,"July 13, 2018",1.8.0.900,4.0.3 and up,Positive,0.0382526438630117,0.5245812840784173
227,Cooking Madness - A Chef's Restaurant Games,GAME,4.7,358817,49M,10000000,Free,0,Everyone,Arcade,"July 30, 2018",1.2.2,4.1 and up,Positive,0.0135506449820065,0.5167562877384306
228,Guns of Glory,GAME,4.0,120592,77M,10000000,Free,0,Everyone 10+,Strategy,"July 31, 2018",2.0.2,4.0.3 and up,Negative,-0.1420604256854257,0.5351874996145829
229,Final Fantasy XV: A New Empire,GAME,4.0,484981,Varies with device,10000000,Free,0,Everyone 10+,Strategy,"June 15, 2018",3.30.4.83,4.1 and up,Negative,-0.0235272791804636,0.511339249742269
230,Final Fantasy XV: A New Empire,FAMILY,4.0,484858,Varies with device,10000000,Free,0,Everyone 10+,Strategy,"June 15, 2018",3.30.4.83,4.1 and up,Negative,-0.0235272791804636,0.511339249742269
231,Angry Birds 2,GAME,4.6,3883589,57M,100000000,Free,0,Everyone,Casual,"July 26, 2018",2.21.1,4.1 and up,Positive,0.002282199760648,0.4962394358515047
232,Angry Birds 2,FAMILY,4.6,3881752,57M,100000000,Free,0,Everyone,Casual,"July 26, 2018",2.21.1,4.1 and up,Positive,0.002282199760648,0.4962394358515047
233,Fallout Shelter,GAME,4.6,2719142,25M,10000000,Free,0,Teen,Simulation,"June 11, 2018",1.13.12,4.1 and up,Positive,0.1702321488233137,0.5136060292384971
234,Fallout Shelter,FAMILY,4.6,2721923,25M,10000000,Free,0,Teen,Simulation,"June 11, 2018",1.13.12,4.1 and up,Positive,0.1702321488233137,0.5136060292384971
235,Best Fiends - Free Puzzle Game,GAME,4.6,1480189,Varies with device,10000000,Free,0,Everyone,Casual,"August 2, 2018",5.8.1,Varies with device,Positive,0.3249999999999999,0.5375
236,Best Fiends - Free Puzzle Game,GAME,4.6,1480182,Varies with device,10000000,Free,0,Everyone,Casual,"August 2, 2018",5.8.1,Varies with device,Positive,0.3249999999999999,0.5375
237,Choices: Stories You Play,GAME,4.6,807338,93M,10000000,Free,0,Teen,Simulation,"July 30, 2018",2.3.5,4.0.3 and up,Positive,0.0336784023386116,0.52632837418782
238,Choices: Stories You Play,FAMILY,4.6,807155,93M,10000000,Free,0,Teen,Simulation,"July 30, 2018",2.3.5,4.0.3 and up,Positive,0.0336784023386116,0.52632837418782
239,Doodle Jump,GAME,4.3,1083571,Varies with device,50000000,Free,0,Everyone,Arcade,"July 20, 2018",Varies with device,Varies with device,Positive,0.1136300029060445,0.5181851050184384
240,Crossy Road,GAME,4.5,4230886,60M,100000000,Free,0,Everyone,Action,"August 1, 2018",3.1.0,5.0 and up,Positive,0.2158512814584867,0.5298473893553813
241,Crossy Road,GAME,4.5,4229977,60M,100000000,Free,0,Everyone,Action,"August 1, 2018",3.1.0,5.0 and up,Positive,0.2158512814584867,0.5298473893553813
242,Dude Perfect 2,GAME,4.5,401425,70M,10000000,Free,0,Everyone,Action,"April 12, 2017",1.6.1,4.0.3 and up,Positive,0.1169023559743807,0.5357966279447627
243,Dude Perfect 2,GAME,4.5,401648,70M,10000000,Free,0,Everyone,Action,"April 12, 2017",1.6.1,4.0.3 and up,Positive,0.1169023559743807,0.5357966279447627
244,Alto's Adventure,GAME,4.6,515657,63M,10000000,Free,0,Everyone,Action,"June 5, 2018",1.7.1,4.0 and up,Positive,0.0398269418282914,0.5261316988814583
245,Alto's Adventure,GAME,4.6,515240,63M,10000000,Free,0,Everyone,Action,"June 5, 2018",1.7.1,4.0 and up,Positive,0.0398269418282914,0.5261316988814583
246,DEER HUNTER 2018,GAME,4.3,955656,82M,10000000,Free,0,Teen,Action,"June 26, 2018",5.1.2,3.0 and up,Negative,-0.3833333333333333,0.4333333333333333
247,DEER HUNTER 2018,GAME,4.3,955614,82M,10000000,Free,0,Teen,Action,"June 26, 2018",5.1.2,3.0 and up,Negative,-0.3833333333333333,0.4333333333333333
248,DEAD TARGET: FPS Zombie Apocalypse Survival Games,GAME,4.5,1468591,Varies with device,50000000,Free,0,Mature 17+,Action,"July 23, 2018",Varies with device,Varies with device,Positive,0.0668182611832611,0.4852570346320346
249,DEAD TARGET: FPS Zombie Apocalypse Survival Games,GAME,4.5,1468638,Varies with device,50000000,Free,0,Mature 17+,Action,"July 23, 2018",Varies with device,Varies with device,Positive,0.0668182611832611,0.4852570346320346
250,Anger of stick 5 : zombie,GAME,4.5,549039,23M,50000000,Free,0,Teen,Action,"August 3, 2018",1.1.5,2.3 and up,Positive,0.1194444444444444,0.5027777777777778
251,Anger of stick 5 : zombie,GAME,4.5,547644,23M,50000000,Free,0,Teen,Action,"August 3, 2018",1.1.5,2.3 and up,Positive,0.1194444444444444,0.5027777777777778
252,CATS: Crash Arena Turbo Stars,GAME,4.7,1559650,Varies with device,50000000,Free,0,Everyone,Action,"July 9, 2018",2.11.1,4.1 and up,Positive,0.028953154691858,0.500371594394243
253,DINO HUNTER: DEADLY SHORES,GAME,4.4,1381820,54M,10000000,Free,0,Teen,Action,"March 14, 2017",3.1.1,3.0 and up,Positive,0.0223125676884839,0.5055597754758974
254,DINO HUNTER: DEADLY SHORES,GAME,4.4,1381624,54M,10000000,Free,0,Teen,Action,"March 14, 2017",3.1.1,3.0 and up,Positive,0.0223125676884839,0.5055597754758974
255,Agar.io,GAME,4.2,3816799,32M,100000000,Free,0,Everyone,Action,"July 23, 2018",2.2.8,4.0.3 and up,Negative,-0.060602233380726,0.4597304866973984
256,Agar.io,GAME,4.2,3815614,32M,100000000,Free,0,Everyone,Action,"July 23, 2018",2.2.8,4.0.3 and up,Negative,-0.060602233380726,0.4597304866973984
257,Arrow.io,GAME,4.5,343263,Varies with device,10000000,Free,0,Everyone 10+,Action,"August 6, 2018",1.2.6,4.0.3 and up,Positive,0.0807381735588972,0.4566436925647451
258,BEYBLADE BURST app,GAME,4.5,216849,Varies with device,10000000,Free,0,Everyone,Action;Action & Adventure,"July 16, 2018",Varies with device,Varies with device,Negative,-0.0139273959065625,0.4690503362378362
259,Dragon Hills,GAME,4.5,354373,66M,10000000,Free,0,Everyone 10+,Action,"October 12, 2017",1.2.7,4.1 and up,Positive,0.0403405182780182,0.5521841287019859
260,GUNSHIP BATTLE: Helicopter 3D,GAME,4.3,2151039,75M,50000000,Free,0,Teen,Action,"August 1, 2018",2.6.61,4.0.3 and up,Positive,0.0222259179575396,0.4579308390022675
261,Blossom Blast Saga,GAME,4.5,1125438,63M,10000000,Free,0,Everyone,Casual,"July 5, 2018",57.0.8,4.0.3 and up,Negative,0.0057144610790444,0.5138021835417669
262,Candy Bomb,GAME,4.4,42145,20M,10000000,Free,0,Everyone,Casual;Brain Games,"July 4, 2018",2.9.3181,4.0.3 and up,Positive,0.3274031986531986,0.6062394781144781
263,Candy Bomb,FAMILY,4.4,42145,20M,10000000,Free,0,Everyone,Casual;Brain Games,"July 4, 2018",2.9.3181,4.0.3 and up,Positive,0.3274031986531986,0.6062394781144781
264,Gems or jewels ?,GAME,4.7,171448,13M,10000000,Free,0,Teen,Puzzle,"August 3, 2018",1.0.109,4.0 and up,Positive,0.1402082003644503,0.4386378436378436
265,Fruit Block - Puzzle Legend,GAME,4.6,125647,33M,10000000,Free,0,Everyone,Casual,"July 23, 2018",60,4.1 and up,Negative,-0.1833333333333333,0.3777777777777777
266,Dog Run - Pet Dog Simulator,GAME,4.7,48615,24M,10000000,Free,0,Everyone,Simulation;Action & Adventure,"May 22, 2018",1.4.12,4.1 and up,Positive,0.1370985540334855,0.5067884322678843
267,Dog Run - Pet Dog Simulator,FAMILY,4.7,48615,24M,10000000,Free,0,Everyone,Simulation;Action & Adventure,"May 22, 2018",1.4.12,4.1 and up,Positive,0.1370985540334855,0.5067884322678843
268,Dog Run - Pet Dog Simulator,FAMILY,4.7,48701,24M,10000000,Free,0,Everyone,Simulation;Action & Adventure,"May 22, 2018",1.4.12,4.1 and up,Positive,0.1370985540334855,0.5067884322678843
269,Baby Panda Care,FAMILY,4.2,108795,49M,10000000,Free,0,Everyone,Educational;Pretend Play,"June 15, 2018",8.25.10.00,4.0.3 and up,Positive,0.1720189393939393,0.5404242424242424
270,Baby Panda Care,FAMILY,4.2,108795,49M,10000000,Free,0,Everyone,Educational;Pretend Play,"June 15, 2018",8.25.10.00,4.0.3 and up,Positive,0.1720189393939393,0.5404242424242424
271,ABC Kids - Tracing & Phonics,FAMILY,4.5,36606,Varies with device,10000000,Free,0,Everyone,Educational;Education,"June 22, 2018",Varies with device,4.0 and up,Positive,0.3677701727701727,0.5095799695799695
272,Barbie Magical Fashion,FAMILY,4.0,328619,15M,10000000,Free,0,Everyone,Casual;Creativity,"October 6, 2017",2.2,4.1 and up,Positive,0.0847327647151235,0.5782083847305621
273,Farming Simulator 14,FAMILY,4.5,530854,51M,10000000,Free,0,Everyone,Simulation;Action & Adventure,"July 17, 2017",1.4.4,2.3.3 and up,Positive,0.0581279222547604,0.4874190787426081
274,Farming Simulator 14,FAMILY,4.5,530904,51M,10000000,Free,0,Everyone,Simulation;Action & Adventure,"July 17, 2017",1.4.4,2.3.3 and up,Positive,0.0581279222547604,0.4874190787426081
275,Hot Wheels: Race Off,FAMILY,4.5,520609,Varies with device,10000000,Free,0,Everyone,Racing;Action & Adventure,"June 28, 2018",Varies with device,4.4 and up,Positive,-0.0088388979076479,0.4903154791967291
276,Hot Wheels: Race Off,FAMILY,4.5,520654,Varies with device,10000000,Free,0,Everyone,Racing;Action & Adventure,"June 28, 2018",Varies with device,4.4 and up,Positive,-0.0088388979076479,0.4903154791967291
277,Disney Magic Kingdoms: Build Your Own Magical Park,FAMILY,4.3,472584,91M,10000000,Free,0,Everyone,Simulation;Action & Adventure,"August 2, 2018",3.2.0h,4.0.3 and up,Positive,0.0870296552695868,0.4842235681407414
278,Disney Magic Kingdoms: Build Your Own Magical Park,FAMILY,4.3,472584,91M,10000000,Free,0,Everyone,Simulation;Action & Adventure,"August 2, 2018",3.2.0h,4.0.3 and up,Positive,0.0870296552695868,0.4842235681407414
279,Equestria Girls,FAMILY,4.3,392596,53M,10000000,Free,0,Everyone,Role Playing;Action & Adventure,"July 22, 2016",37893,4.0 and up,Positive,0.0438083774216586,0.550960435543769
280,Equestria Girls,FAMILY,4.3,392596,53M,10000000,Free,0,Everyone,Role Playing;Action & Adventure,"July 22, 2016",37893,4.0 and up,Positive,0.0438083774216586,0.550960435543769
281,Equestria Girls,FAMILY,4.3,392819,53M,10000000,Free,0,Everyone,Role Playing;Action & Adventure,"July 22, 2016",37893,4.0 and up,Positive,0.0438083774216586,0.550960435543769
282,Frozen Free Fall,FAMILY,4.3,1574197,37M,50000000,Free,0,Everyone,Puzzle;Action & Adventure,"July 27, 2018",6.7.0,4.2 and up,Positive,0.0601056998556998,0.5061268037518037
283,Frozen Free Fall,FAMILY,4.3,1574204,37M,50000000,Free,0,Everyone,Puzzle;Action & Adventure,"July 27, 2018",6.7.0,4.2 and up,Positive,0.0601056998556998,0.5061268037518037
284,Frozen Free Fall,FAMILY,4.3,1574546,37M,50000000,Free,0,Everyone,Puzzle;Action & Adventure,"July 27, 2018",6.7.0,4.2 and up,Positive,0.0601056998556998,0.5061268037518037
285,Fun Kid Racing - Motocross,FAMILY,4.1,59729,Varies with device,10000000,Free,0,Everyone,Racing;Action & Adventure,"June 27, 2018",3.46,4.2 and up,Positive,0.1907954545454545,0.5135774410774411
286,Fun Kid Racing - Motocross,FAMILY,4.1,59768,Varies with device,10000000,Free,0,Everyone,Racing;Action & Adventure,"August 7, 2018",3.53,4.2 and up,Positive,0.1907954545454545,0.5135774410774411
287,COOKING MAMA Let's Cook!,FAMILY,4.3,528745,59M,10000000,Free,0,Everyone,Educational;Pretend Play,"July 26, 2018",1.38.0,4.1 and up,Positive,0.2189220865113722,0.5058891112561748
288,COOKING MAMA Let's Cook!,FAMILY,4.3,528917,59M,10000000,Free,0,Everyone,Educational;Pretend Play,"July 26, 2018",1.38.0,4.1 and up,Positive,0.2189220865113722,0.5058891112561748
289,Fun Kid Racing,FAMILY,4.0,79667,Varies with device,10000000,Free,0,Everyone,Racing;Action & Adventure,"August 3, 2018",3.52,4.2 and up,Positive,0.2697382920110192,0.5245821854912764
290,Facebook,SOCIAL,4.1,78158306,Varies with device,1000000000,Free,0,Teen,Social,"August 3, 2018",Varies with device,Varies with device,Negative,-0.0070029020248963,0.4602073498809773
291,Facebook,SOCIAL,4.1,78128208,Varies with device,1000000000,Free,0,Teen,Social,"August 3, 2018",Varies with device,Varies with device,Negative,-0.0070029020248963,0.4602073498809773
292,Facebook Lite,SOCIAL,4.3,8606259,Varies with device,500000000,Free,0,Teen,Social,"August 1, 2018",Varies with device,Varies with device,Negative,-0.0009910877556351,0.4561272204806687
293,Facebook Lite,SOCIAL,4.3,8595964,Varies with device,500000000,Free,0,Teen,Social,"August 1, 2018",Varies with device,Varies with device,Negative,-0.0009910877556351,0.4561272204806687
294,Google+,SOCIAL,4.2,4831125,Varies with device,1000000000,Free,0,Teen,Social,"July 26, 2018",Varies with device,Varies with device,Positive,0.3680555555555556,0.4694444444444444
295,Google+,SOCIAL,4.2,4828372,Varies with device,1000000000,Free,0,Teen,Social,"July 26, 2018",Varies with device,Varies with device,Positive,0.3680555555555556,0.4694444444444444
296,Amino: Communities and Chats,SOCIAL,4.8,1259075,62M,10000000,Free,0,Teen,Social,"July 20, 2018",1.8.19179,4.0.3 and up,Positive,0.0475896043515136,0.5375361254760332
297,Amino: Communities and Chats,SOCIAL,4.8,1264084,62M,10000000,Free,0,Teen,Social,"August 7, 2018",1.8.19179,4.0.3 and up,Positive,0.0475896043515136,0.5375361254760332
298,HTC Social Plugin - Facebook,SOCIAL,3.6,13223,2.8M,10000000,Free,0,Mature 17+,Social,"June 8, 2016",8.00.752746,4.4 and up,Negative,-0.0517049645504235,0.494051689051689
299,Badoo - Free Chat & Dating App,SOCIAL,4.3,3781770,Varies with device,100000000,Free,0,Mature 17+,Social,"August 2, 2018",Varies with device,Varies with device,Positive,0.1284891774891775,0.4161027687590187
300,Badoo - Free Chat & Dating App,SOCIAL,4.3,3781770,Varies with device,100000000,Free,0,Mature 17+,Social,"August 2, 2018",Varies with device,Varies with device,Positive,0.1284891774891775,0.4161027687590187
301,Badoo - Free Chat & Dating App,SOCIAL,4.3,3781770,Varies with device,100000000,Free,0,Mature 17+,Social,"August 2, 2018",Varies with device,Varies with device,Positive,0.1284891774891775,0.4161027687590187
302,Badoo - Free Chat & Dating App,SOCIAL,4.3,3781467,Varies with device,100000000,Free,0,Mature 17+,Social,"August 2, 2018",Varies with device,Varies with device,Positive,0.1284891774891775,0.4161027687590187
303,"Free phone calls, free texting SMS on free number",SOCIAL,4.5,412725,35M,10000000,Free,0,Everyone,Social,"July 31, 2018",3.8.1,4.1 and up,Positive,0.2296042017396183,0.5231201565923789
304,"Free phone calls, free texting SMS on free number",SOCIAL,4.5,412888,35M,10000000,Free,0,Everyone,Social,"July 31, 2018",3.8.1,4.1 and up,Positive,0.2296042017396183,0.5231201565923789
305,"Dating App, Flirt & Chat : W-Match",SOCIAL,4.3,175722,Varies with device,10000000,Free,0,Mature 17+,Social,"July 23, 2018",Varies with device,Varies with device,Neutral,0.3016666666666667,0.4355555555555556
306,"Dating App, Flirt & Chat : W-Match",SOCIAL,4.3,175523,Varies with device,10000000,Free,0,Mature 17+,Social,"July 23, 2018",Varies with device,Varies with device,Neutral,0.3016666666666667,0.4355555555555556
307,Amazon for Tablets,SHOPPING,4.0,141613,22M,10000000,Free,0,Teen,Shopping,"July 31, 2018",16.14.0.850,4.4 and up,Positive,0.1011360479797979,0.3711906565656565
308,Amazon for Tablets,SHOPPING,4.0,141584,22M,10000000,Free,0,Teen,Shopping,"July 31, 2018",16.14.0.850,4.4 and up,Positive,0.1011360479797979,0.3711906565656565
309,"AliExpress - Smarter Shopping, Better Living",SHOPPING,4.6,5916606,Varies with device,100000000,Free,0,Teen,Shopping,"August 6, 2018",Varies with device,Varies with device,Positive,0.0383805455347121,0.6177662898829566
310,"AliExpress - Smarter Shopping, Better Living",SHOPPING,4.6,5916569,Varies with device,100000000,Free,0,Teen,Shopping,"August 6, 2018",Varies with device,Varies with device,Positive,0.0383805455347121,0.6177662898829566
311,"AliExpress - Smarter Shopping, Better Living",SHOPPING,4.6,5917485,Varies with device,100000000,Free,0,Teen,Shopping,"August 6, 2018",Varies with device,Varies with device,Positive,0.0383805455347121,0.6177662898829566
312,"AliExpress - Smarter Shopping, Better Living",SHOPPING,4.6,5911055,Varies with device,100000000,Free,0,Teen,Shopping,"August 1, 2018",Varies with device,Varies with device,Positive,0.0383805455347121,0.6177662898829566
313,Amazon Shopping,SHOPPING,4.3,909226,42M,100000000,Free,0,Teen,Shopping,"July 31, 2018",16.14.0.100,4.4 and up,Positive,0.1820225865037373,0.4624378936759889
314,Amazon Shopping,SHOPPING,4.3,909204,42M,100000000,Free,0,Teen,Shopping,"July 31, 2018",16.14.0.100,4.4 and up,Positive,0.1820225865037373,0.4624378936759889
315,Amazon Shopping,SHOPPING,4.3,908525,42M,100000000,Free,0,Teen,Shopping,"July 31, 2018",16.14.0.100,4.4 and up,Positive,0.1820225865037373,0.4624378936759889
316,Flipp - Weekly Shopping,SHOPPING,4.6,85858,Varies with device,10000000,Free,0,Everyone,Shopping,"July 30, 2018",Varies with device,Varies with device,Positive,0.3236720779220779,0.5630284751091202
317,Flipp - Weekly Shopping,SHOPPING,4.6,85782,Varies with device,10000000,Free,0,Everyone,Shopping,"July 30, 2018",Varies with device,Varies with device,Positive,0.3236720779220779,0.5630284751091202
318,GS SHOP,SHOPPING,3.8,44255,15M,10000000,Free,0,Everyone,Shopping,"August 3, 2018",6.0.4,4.1 and up,Positive,0.2391812865497076,0.3475877192982456
319,11st,SHOPPING,3.8,48732,20M,10000000,Free,0,Everyone,Shopping,"July 31, 2018",7.8.1,4.0 and up,Positive,0.185942784067784,0.4553404465904466
320,Flipkart Online Shopping App,SHOPPING,4.4,6012719,Varies with device,100000000,Free,0,Teen,Shopping,"August 6, 2018",Varies with device,Varies with device,Positive,0.2915263605442177,0.4788622885051457
321,Flipkart Online Shopping App,SHOPPING,4.4,6003590,Varies with device,100000000,Free,0,Teen,Shopping,"August 2, 2018",Varies with device,Varies with device,Positive,0.2915263605442177,0.4788622885051457
322,Checkout 51: Grocery coupons,SHOPPING,4.1,52896,Varies with device,10000000,Free,0,Everyone,Shopping,"June 18, 2018",Varies with device,Varies with device,Positive,0.1304861457986457,0.3951831964331964
323,Checkout 51: Grocery coupons,SHOPPING,4.1,52896,Varies with device,10000000,Free,0,Everyone,Shopping,"June 18, 2018",Varies with device,Varies with device,Positive,0.1304861457986457,0.3951831964331964
324,Checkout 51: Grocery coupons,SHOPPING,4.1,52896,Varies with device,10000000,Free,0,Everyone,Shopping,"June 18, 2018",Varies with device,Varies with device,Positive,0.1304861457986457,0.3951831964331964
325,"Groupon - Shop Deals, Discounts & Coupons",SHOPPING,4.6,1370749,Varies with device,50000000,Free,0,Teen,Shopping,"August 3, 2018",Varies with device,Varies with device,Positive,0.285940735479798,0.4711918197543197
326,"Groupon - Shop Deals, Discounts & Coupons",SHOPPING,4.6,1370749,Varies with device,50000000,Free,0,Teen,Shopping,"August 3, 2018",Varies with device,Varies with device,Positive,0.285940735479798,0.4711918197543197
327,"Groupon - Shop Deals, Discounts & Coupons",SHOPPING,4.6,1370749,Varies with device,50000000,Free,0,Teen,Shopping,"August 3, 2018",Varies with device,Varies with device,Positive,0.285940735479798,0.4711918197543197
328,"Groupon - Shop Deals, Discounts & Coupons",SHOPPING,4.6,1371082,Varies with device,50000000,Free,0,Teen,Shopping,"August 3, 2018",Varies with device,Varies with device,Positive,0.285940735479798,0.4711918197543197
329,Etsy: Handmade & Vintage Goods,SHOPPING,4.3,95520,15M,10000000,Free,0,Teen,Shopping,"August 3, 2018",5.3.1,4.1 and up,Positive,0.3054831433998101,0.5440019228160253
330,Etsy: Handmade & Vintage Goods,SHOPPING,4.3,95520,15M,10000000,Free,0,Teen,Shopping,"August 3, 2018",5.3.1,4.1 and up,Positive,0.3054831433998101,0.5440019228160253
331,ASOS,SHOPPING,4.7,181798,22M,10000000,Free,0,Everyone,Shopping,"July 30, 2018",4.4.9,4.4 and up,Positive,0.3169166366041365,0.5864045214045215
332,ASOS,SHOPPING,4.7,181823,22M,10000000,Free,0,Everyone,Shopping,"July 30, 2018",4.4.9,4.4 and up,Positive,0.3169166366041365,0.5864045214045215
333,Google Photos,PHOTOGRAPHY,4.5,10858556,Varies with device,1000000000,Free,0,Everyone,Photography,"August 6, 2018",Varies with device,Varies with device,Positive,0.1475095857389778,0.5018935734339623
334,Google Photos,PHOTOGRAPHY,4.5,10858538,Varies with device,1000000000,Free,0,Everyone,Photography,"August 6, 2018",Varies with device,Varies with device,Positive,0.1475095857389778,0.5018935734339623
335,Google Photos,PHOTOGRAPHY,4.5,10859051,Varies with device,1000000000,Free,0,Everyone,Photography,"August 6, 2018",Varies with device,Varies with device,Positive,0.1475095857389778,0.5018935734339623
336,Google Photos,PHOTOGRAPHY,4.5,10847682,Varies with device,1000000000,Free,0,Everyone,Photography,"August 1, 2018",Varies with device,Varies with device,Positive,0.1475095857389778,0.5018935734339623
337,"Face Filter, Selfie Editor - Sweet Camera",PHOTOGRAPHY,4.7,142634,22M,10000000,Free,0,Everyone,Photography,"July 6, 2018",1.5.1,4.4 and up,Positive,0.1942810457516339,0.5888655462184874
338,"Face Filter, Selfie Editor - Sweet Camera",PHOTOGRAPHY,4.7,142758,22M,10000000,Free,0,Everyone,Photography,"July 6, 2018",1.5.1,4.4 and up,Positive,0.1942810457516339,0.5888655462184874
339,Adobe Photoshop Express:Photo Editor Collage Maker,PHOTOGRAPHY,4.2,914804,Varies with device,50000000,Free,0,Everyone,Photography,"July 22, 2018",5.0.508,4.4 and up,Positive,0.185388498075998,0.486466274135917
340,Adobe Photoshop Express:Photo Editor Collage Maker,PHOTOGRAPHY,4.2,914917,Varies with device,50000000,Free,0,Everyone,Photography,"July 22, 2018",5.0.508,4.4 and up,Positive,0.185388498075998,0.486466274135917
341,B612 - Beauty & Filter Camera,PHOTOGRAPHY,4.4,5282578,Varies with device,100000000,Free,0,Everyone,Photography,"July 30, 2018",7.6.5,4.3 and up,Positive,0.0817821279198232,0.5275852272727273
342,B612 - Beauty & Filter Camera,PHOTOGRAPHY,4.4,5282558,Varies with device,100000000,Free,0,Everyone,Photography,"July 30, 2018",7.6.5,4.3 and up,Positive,0.0817821279198232,0.5275852272727273
343,B612 - Beauty & Filter Camera,PHOTOGRAPHY,4.4,5276983,Varies with device,100000000,Free,0,Everyone,Photography,"July 30, 2018",7.6.5,4.3 and up,Positive,0.0817821279198232,0.5275852272727273
344,BeautyPlus - Easy Photo Editor & Selfie Camera,PHOTOGRAPHY,4.4,3158047,53M,100000000,Free,0,Everyone,Photography,"July 31, 2018",6.9.031,4.1 and up,Neutral,0.3,0.3
345,BeautyPlus - Easy Photo Editor & Selfie Camera,PHOTOGRAPHY,4.4,3157936,53M,100000000,Free,0,Everyone,Photography,"July 31, 2018",6.9.031,4.1 and up,Neutral,0.3,0.3
346,BeautyPlus - Easy Photo Editor & Selfie Camera,PHOTOGRAPHY,4.4,3158151,53M,100000000,Free,0,Everyone,Photography,"July 31, 2018",6.9.031,4.1 and up,Neutral,0.3,0.3
347,BeautyPlus - Easy Photo Editor & Selfie Camera,PHOTOGRAPHY,4.4,3158151,53M,100000000,Free,0,Everyone,Photography,"July 31, 2018",6.9.031,4.1 and up,Neutral,0.3,0.3
348,BeautyPlus - Easy Photo Editor & Selfie Camera,PHOTOGRAPHY,4.4,3156484,53M,100000000,Free,0,Everyone,Photography,"July 31, 2018",6.9.031,4.1 and up,Neutral,0.3,0.3
349,"Candy selfie - photo editor, live filter camera",PHOTOGRAPHY,4.4,53421,26M,10000000,Free,0,Everyone,Photography,"August 6, 2018",2.74.685,4.0.3 and up,Positive,0.372797619047619,0.4803156565656565
350,Flickr,PHOTOGRAPHY,4.3,251951,16M,10000000,Free,0,Mature 17+,Photography,"July 11, 2018",4.7.3,4.4 and up,Positive,0.1774324908309283,0.4359923749572187
351,Flickr,PHOTOGRAPHY,4.3,251951,16M,10000000,Free,0,Mature 17+,Photography,"July 11, 2018",4.7.3,4.4 and up,Positive,0.1774324908309283,0.4359923749572187
352,"Cymera Camera- Photo Editor, Filter,Collage,Layout",PHOTOGRAPHY,4.4,2418135,Varies with device,100000000,Free,0,Everyone,Photography,"July 12, 2018",Varies with device,Varies with device,Positive,0.419417735042735,0.4619810744810745
353,"Cymera Camera- Photo Editor, Filter,Collage,Layout",PHOTOGRAPHY,4.4,2418135,Varies with device,100000000,Free,0,Everyone,Photography,"July 12, 2018",Varies with device,Varies with device,Positive,0.419417735042735,0.4619810744810745
354,"Cymera Camera- Photo Editor, Filter,Collage,Layout",PHOTOGRAPHY,4.4,2418158,Varies with device,100000000,Free,0,Everyone,Photography,"July 12, 2018",Varies with device,Varies with device,Positive,0.419417735042735,0.4619810744810745
355,"Cymera Camera- Photo Editor, Filter,Collage,Layout",PHOTOGRAPHY,4.4,2418165,Varies with device,100000000,Free,0,Everyone,Photography,"July 12, 2018",Varies with device,Varies with device,Positive,0.419417735042735,0.4619810744810745
356,"Candy Camera - selfie, beauty camera, photo editor",PHOTOGRAPHY,4.4,3368649,Varies with device,100000000,Free,0,Everyone,Photography,"July 16, 2018",4.47,4.0.3 and up,Positive,0.1952779201792359,0.5430153034100402
357,"Candy Camera - selfie, beauty camera, photo editor",PHOTOGRAPHY,4.4,3368646,Varies with device,100000000,Free,0,Everyone,Photography,"July 16, 2018",4.47,4.0.3 and up,Positive,0.1952779201792359,0.5430153034100402
358,"Candy Camera - selfie, beauty camera, photo editor",PHOTOGRAPHY,4.4,3368705,Varies with device,100000000,Free,0,Everyone,Photography,"July 16, 2018",4.47,4.0.3 and up,Positive,0.1952779201792359,0.5430153034100402
359,Blur Image Background,PHOTOGRAPHY,3.9,129272,11M,10000000,Free,0,Everyone,Photography,"July 30, 2018",1.32,4.1 and up,Positive,0.372717803030303,0.643939393939394
360,Blur Image Background,PHOTOGRAPHY,3.9,129268,11M,10000000,Free,0,Everyone,Photography,"July 30, 2018",1.32,4.1 and up,Positive,0.372717803030303,0.643939393939394
361,HD Camera Ultra,PHOTOGRAPHY,4.3,462152,1.5M,10000000,Free,0,Everyone,Photography,"October 17, 2015",2.3.1,Varies with device,Positive,0.1546986687071012,0.5695181114814052
362,Cameringo Lite. Filters Camera,PHOTOGRAPHY,4.2,140917,5.7M,10000000,Free,0,Everyone,Photography,"June 11, 2018",2.2.93,4.0 and up,Positive,0.7702690972222223,0.5333333333333333
363,HD Camera for Android,PHOTOGRAPHY,4.1,351254,4.0M,10000000,Free,0,Everyone,Photography,"June 29, 2018",4.6.0.0,4.2 and up,Positive,0.3761914062499999,0.5457669413919414
364,HD Camera for Android,PHOTOGRAPHY,4.1,351255,4.0M,10000000,Free,0,Everyone,Photography,"June 29, 2018",4.6.0.0,4.2 and up,Positive,0.3761914062499999,0.5457669413919414
365,GoPro (formerly Capture),PHOTOGRAPHY,4.0,157506,47M,10000000,Free,0,Everyone,Photography,"May 24, 2018",4.5.2,5.0 and up,Negative,-0.0077905568307353,0.4620191285278281
366,Beauty Makeup Snappy Collage Photo Editor - Lidow,PHOTOGRAPHY,4.5,420973,Varies with device,10000000,Free,0,Everyone,Photography,"August 2, 2018",Varies with device,Varies with device,Positive,0.1532142857142857,0.4769047619047619
367,EyeEm - Camera & Photo Filter,PHOTOGRAPHY,4.2,215343,44M,10000000,Free,0,Everyone,Photography,"July 14, 2018",6.4.3,4.0.3 and up,Positive,0.3380653936903937,0.586203964953965
368,Color Touch Effects,PHOTOGRAPHY,3.8,167652,12M,10000000,Free,0,Everyone,Photography,"April 23, 2018",4.5,4.1 and up,Positive,0.1157204208437761,0.4457095864661654
369,Font Studio- Photo Texts Image,PHOTOGRAPHY,4.2,197295,24M,10000000,Free,0,Everyone,Photography,"June 23, 2017",4.0.7,4.0 and up,Positive,0.0814592086834733,0.5220456932773109
370,"FIFA - Tournaments, Soccer News & Live Scores",SPORTS,4.2,342909,6.0M,10000000,Free,0,Everyone,Sports,"August 3, 2018",4.3.1,4.4 and up,Positive,0.0682582232582232,0.4427767448600782
371,"FIFA - Tournaments, Soccer News & Live Scores",SPORTS,4.2,342912,6.0M,10000000,Free,0,Everyone,Sports,"August 3, 2018",4.3.1,4.4 and up,Positive,0.0682582232582232,0.4427767448600782
372,BeSoccer - Soccer Live Score,SPORTS,4.5,152780,Varies with device,10000000,Free,0,Everyone,Sports,"July 18, 2018",Varies with device,Varies with device,Positive,0.3567684784351451,0.4046538800705467
373,All Football - Latest News & Videos,SPORTS,4.6,152867,17M,10000000,Free,0,Everyone,Sports,"August 3, 2018",3.0.5,4.1 and up,Positive,0.4320632947781385,0.5105386453823954
374,All Football - Latest News & Videos,SPORTS,4.6,152653,17M,10000000,Free,0,Everyone,Sports,"August 3, 2018",3.0.5,4.1 and up,Positive,0.4320632947781385,0.5105386453823954
375,Eurosport,SPORTS,4.0,121003,Varies with device,10000000,Free,0,Everyone,Sports,"August 6, 2018",Varies with device,Varies with device,Positive,0.0490445574162679,0.4273702722715881
376,365Scores - Live Scores,SPORTS,4.6,666521,25M,10000000,Free,0,Everyone,Sports,"July 29, 2018",5.5.9,4.1 and up,Positive,0.4383116883116883,0.6396103896103896
377,365Scores - Live Scores,SPORTS,4.6,666246,25M,10000000,Free,0,Everyone,Sports,"July 29, 2018",5.5.9,4.1 and up,Positive,0.4383116883116883,0.6396103896103896
378,Cricbuzz - Live Cricket Scores & News,SPORTS,4.5,838765,Varies with device,50000000,Free,0,Everyone,Sports,"May 18, 2018",Varies with device,Varies with device,Positive,0.097012013936356,0.5658186185159869
379,Cricbuzz - Live Cricket Scores & News,SPORTS,4.5,838738,Varies with device,50000000,Free,0,Everyone,Sports,"May 18, 2018",Varies with device,Varies with device,Positive,0.097012013936356,0.5658186185159869
380,"Expedia Hotels, Flights & Car Rental Travel Deals",TRAVEL_AND_LOCAL,4.1,136626,14M,10000000,Free,0,Everyone,Travel & Local,"August 6, 2018",18.30.0,5.0 and up,Positive,0.0929921564980158,0.5015541294642857
381,"Expedia Hotels, Flights & Car Rental Travel Deals",TRAVEL_AND_LOCAL,4.1,136633,14M,10000000,Free,0,Everyone,Travel & Local,"August 6, 2018",18.30.0,5.0 and up,Positive,0.0929921564980158,0.5015541294642857
382,"Expedia Hotels, Flights & Car Rental Travel Deals",TRAVEL_AND_LOCAL,4.1,136626,14M,10000000,Free,0,Everyone,Travel & Local,"August 6, 2018",18.30.0,5.0 and up,Positive,0.0929921564980158,0.5015541294642857
383,"Expedia Hotels, Flights & Car Rental Travel Deals",TRAVEL_AND_LOCAL,4.1,136626,14M,10000000,Free,0,Everyone,Travel & Local,"August 6, 2018",18.30.0,5.0 and up,Positive,0.0929921564980158,0.5015541294642857
384,Hotels.com: Book Hotel Rooms & Find Vacation Deals,TRAVEL_AND_LOCAL,4.5,260121,Varies with device,10000000,Free,0,Everyone,Travel & Local,"July 4, 2018",Varies with device,Varies with device,Positive,0.1016222066478106,0.5454440715680212
385,Hotels.com: Book Hotel Rooms & Find Vacation Deals,TRAVEL_AND_LOCAL,4.5,260133,Varies with device,10000000,Free,0,Everyone,Travel & Local,"July 4, 2018",Varies with device,Varies with device,Positive,0.1016222066478106,0.5454440715680212
386,Booking.com Travel Deals,TRAVEL_AND_LOCAL,4.7,1830388,Varies with device,100000000,Free,0,Everyone,Travel & Local,"August 6, 2018",Varies with device,Varies with device,Positive,0.0141768353174603,0.4009321581196581
387,Booking.com Travel Deals,TRAVEL_AND_LOCAL,4.7,1830387,Varies with device,100000000,Free,0,Everyone,Travel & Local,"August 6, 2018",Varies with device,Varies with device,Positive,0.0141768353174603,0.4009321581196581
388,Booking.com Travel Deals,TRAVEL_AND_LOCAL,4.7,1830388,Varies with device,100000000,Free,0,Everyone,Travel & Local,"August 6, 2018",Varies with device,Varies with device,Positive,0.0141768353174603,0.4009321581196581
389,Airbnb,TRAVEL_AND_LOCAL,4.4,359403,Varies with device,10000000,Free,0,Everyone,Travel & Local,"August 2, 2018",Varies with device,Varies with device,Positive,0.1080045398230162,0.4949079525505216
390,Airbnb,TRAVEL_AND_LOCAL,4.4,359560,Varies with device,10000000,Free,0,Everyone,Travel & Local,"August 2, 2018",Varies with device,Varies with device,Positive,0.1080045398230162,0.4949079525505216
391,Google Earth,TRAVEL_AND_LOCAL,4.3,2338655,Varies with device,100000000,Free,0,Everyone,Travel & Local,"June 18, 2018",9.2.17.13,4.1 and up,Positive,0.0949020549208519,0.4649624806062775
392,Google Earth,TRAVEL_AND_LOCAL,4.3,2339098,Varies with device,100000000,Free,0,Everyone,Travel & Local,"June 18, 2018",9.2.17.13,4.1 and up,Positive,0.0949020549208519,0.4649624806062775
393,GasBuddy: Find Cheap Gas,TRAVEL_AND_LOCAL,4.6,751551,42M,10000000,Free,0,Mature 17+,Travel & Local,"August 2, 2018",5.2.0 21127,4.4 and up,Positive,0.2726742875180375,0.5009855994699745
394,"AT&T Navigator: Maps, Traffic",TRAVEL_AND_LOCAL,3.6,32862,14M,10000000,Free,0,Everyone,Travel & Local,"December 6, 2016",5.10.6.2.8466393,4.1 and up,Positive,0.0713009654292751,0.412184103526468
395,Google Street View,TRAVEL_AND_LOCAL,4.2,2129689,Varies with device,1000000000,Free,0,Everyone,Travel & Local,"August 6, 2018",Varies with device,Varies with device,Negative,-0.5,0.6916666666666667
396,Google Street View,TRAVEL_AND_LOCAL,4.2,2129707,Varies with device,1000000000,Free,0,Everyone,Travel & Local,"August 6, 2018",Varies with device,Varies with device,Negative,-0.5,0.6916666666666667
397,AirAsia,TRAVEL_AND_LOCAL,3.9,98585,37M,10000000,Free,0,Everyone,Travel & Local,"July 16, 2018",5.0.4,4.4 and up,Negative,-0.1036063011063011,0.4323617123617123
398,Goibibo - Flight Hotel Bus Car IRCTC Booking App,TRAVEL_AND_LOCAL,4.3,459851,Varies with device,10000000,Free,0,Everyone,Travel & Local,"August 1, 2018",3.9.7,4.3 and up,Positive,0.4127303739145844,0.5649483873825979
399,Foursquare Swarm: Check In,TRAVEL_AND_LOCAL,3.9,421800,Varies with device,10000000,Free,0,Teen,Travel & Local,"July 27, 2018",Varies with device,Varies with device,Negative,-0.0623398392794944,0.4214936131192289
400,Flightradar24 Flight Tracker,TRAVEL_AND_LOCAL,4.3,171889,Varies with device,10000000,Free,0,Everyone,Travel & Local,"July 18, 2018",7.8.0,Varies with device,Positive,0.1966247294372294,0.4770078790670308
401,2GIS: directory & navigator,TRAVEL_AND_LOCAL,4.5,768833,Varies with device,50000000,Free,0,Everyone,Travel & Local,"July 30, 2018",Varies with device,Varies with device,Positive,0.2231290426587301,0.3966579365079365
402,GPS Status & Toolbox,TRAVEL_AND_LOCAL,4.5,149723,4.1M,10000000,Free,0,Everyone,Travel & Local,"June 13, 2018",8.1.171,4.0 and up,Positive,0.3980736961451247,0.4026825396825397
403,Google,TOOLS,4.4,8033493,Varies with device,1000000000,Free,0,Everyone,Tools,"August 3, 2018",Varies with device,Varies with device,Positive,0.2603594687476266,0.4927439336978811
404,Google,TOOLS,4.4,8021623,Varies with device,1000000000,Free,0,Everyone,Tools,"August 3, 2018",Varies with device,Varies with device,Positive,0.2603594687476266,0.4927439336978811
405,Google Translate,TOOLS,4.4,5745093,Varies with device,500000000,Free,0,Everyone,Tools,"August 4, 2018",Varies with device,Varies with device,Positive,0.2141666666666666,0.4899999999999999
406,Google Translate,TOOLS,4.4,5741684,Varies with device,500000000,Free,0,Everyone,Tools,"August 4, 2018",Varies with device,Varies with device,Positive,0.2141666666666666,0.4899999999999999
407,Cache Cleaner-DU Speed Booster (booster & cleaner),TOOLS,4.5,12759663,15M,100000000,Free,0,Everyone,Tools,"July 25, 2018",3.1.2,4.0 and up,Positive,0.2785210969585969,0.4570770895770896
408,Cache Cleaner-DU Speed Booster (booster & cleaner),TOOLS,4.5,12759815,15M,100000000,Free,0,Everyone,Tools,"July 25, 2018",3.1.2,4.0 and up,Positive,0.2785210969585969,0.4570770895770896
409,Device Help,TOOLS,4.2,28860,Varies with device,100000000,Free,0,Everyone,Tools,"July 18, 2018",Varies with device,Varies with device,Positive,0.0963957382707382,0.3562866225366225
410,Account Manager,TOOLS,4.1,76604,Varies with device,100000000,Free,0,Everyone,Tools,"July 27, 2016",Varies with device,Varies with device,Negative,-0.0876352028127596,0.4564656849884123
411,File Manager,TOOLS,4.6,739329,Varies with device,50000000,Free,0,Everyone,Tools,"April 17, 2018",Varies with device,Varies with device,Neutral,0.0618328168044077,0.3133000459136822
412,"Calculator - free calculator, multi calculator app",TOOLS,4.6,25592,7.5M,10000000,Free,0,Everyone,Tools,"July 31, 2018",v8.0.1.8.0629.1,4.2 and up,Neutral,-0.0375,0.1541666666666666
413,ASUS Sound Recorder,TOOLS,4.5,34126,Varies with device,10000000,Free,0,Everyone,Tools,"July 13, 2018",Varies with device,Varies with device,Positive,0.5167708333333333,0.5952976190476191
414,Files Go by Google: Free up space on your phone,TOOLS,4.6,315585,8.5M,10000000,Free,0,Everyone,Tools,"July 18, 2018",1.0.204375696,5.0 and up,Positive,0.1306823310132133,0.5235522935864323
415,File Manager -- Take Command of Your Files Easily,TOOLS,4.2,127223,7.6M,10000000,Free,0,Everyone,Tools,"August 3, 2018",v7.0.7.1.0625.1_06_0629,5.0 and up,Neutral,0.2146464646464646,0.3605555555555556
416,HTC Lock Screen,TOOLS,4.1,28250,Varies with device,10000000,Free,0,Everyone,Tools,"March 21, 2017",Varies with device,Varies with device,Negative,0.0314881877381877,0.4492459777876444
417,Gboard - the Google Keyboard,TOOLS,4.2,1859115,Varies with device,500000000,Free,0,Everyone,Tools,"July 31, 2018",Varies with device,Varies with device,Positive,0.0645865156103643,0.5171716244977523
418,Gboard - the Google Keyboard,TOOLS,4.2,1859109,Varies with device,500000000,Free,0,Everyone,Tools,"July 31, 2018",Varies with device,Varies with device,Positive,0.0645865156103643,0.5171716244977523
419,Gboard - the Google Keyboard,TOOLS,4.2,1855262,Varies with device,500000000,Free,0,Everyone,Tools,"July 31, 2018",Varies with device,Varies with device,Positive,0.0645865156103643,0.5171716244977523
420,AT&T Smart Wi-Fi,TOOLS,3.9,18513,6.1M,10000000,Free,0,Everyone,Tools,"April 26, 2018",3.2,4.1 and up,Positive,0.1895487012987013,0.4328650238650239
421,HTC Sense Input,TOOLS,3.4,17030,Varies with device,10000000,Free,0,Everyone,Tools,"May 12, 2017",Varies with device,Varies with device,Positive,0.0246681547619047,0.4201793154761905
422,App vault,TOOLS,3.4,25094,Varies with device,10000000,Free,0,Everyone,Tools,"July 18, 2018",Varies with device,Varies with device,Negative,-0.0435350576073232,0.4761634199134199
423,DuraSpeed,TOOLS,3.8,5431,1.3M,10000000,Free,0,Everyone,Tools,"November 13, 2017",1.5.0,6.0 and up,Neutral,-0.0340440115440115,0.3966870516870516
424,Digital Alarm Clock,TOOLS,4.2,118439,16M,10000000,Free,0,Everyone,Tools,"June 19, 2018",10.4,4.4 and up,Positive,0.3410732909398732,0.480794760360488
425,Alarm Clock Free,TOOLS,4.0,59973,11M,10000000,Free,0,Everyone,Tools,"March 16, 2018",1.2.5,4.0 and up,Positive,0.1557617749897161,0.356840342197485
426,High-Powered Flashlight,TOOLS,4.5,429580,Varies with device,10000000,Free,0,Everyone,Tools,"March 16, 2018",Varies with device,Varies with device,Positive,0.3389572975023343,0.5057320261437909
427,Flashlight & LED Torch,TOOLS,4.3,111507,Varies with device,10000000,Free,0,Everyone,Tools,"December 29, 2017",Varies with device,Varies with device,Neutral,0.2497333333333333,0.2581777777777778
428,Color Flashlight,TOOLS,4.2,472904,Varies with device,50000000,Free,0,Everyone,Tools,"December 14, 2017",Varies with device,Varies with device,Positive,0.1758333333333333,0.5264898989898991
429,Flashlight,TOOLS,4.7,115409,Varies with device,10000000,Free,0,Everyone,Tools,"August 6, 2018",Varies with device,Varies with device,Positive,0.4054000850340136,0.6072482993197279
430,Flashlight,TOOLS,4.5,162335,4.9M,10000000,Free,0,Everyone,Tools,"July 6, 2018",8.10.1,4.0 and up,Positive,0.4054000850340136,0.6072482993197279
431,Flashlight HD LED,TOOLS,4.3,618918,Varies with device,50000000,Free,0,Everyone,Tools,"July 28, 2018",Varies with device,Varies with device,Positive,0.4522039981091705,0.6406517141861969
432,Flashlight - Torch LED Light,TOOLS,4.4,192661,8.5M,10000000,Free,0,Everyone,Tools,"July 7, 2018",2.4.1,4.1 and up,Positive,0.4045251322751323,0.5391269841269841
433,Calculator Plus Free,TOOLS,4.6,679912,Varies with device,10000000,Free,0,Everyone,Tools,"July 27, 2018",Varies with device,Varies with device,Positive,0.1666666666666666,0.6307142857142858
434,ConvertPad - Unit Converter,TOOLS,4.4,90831,4.3M,10000000,Free,0,Everyone,Tools,"June 18, 2017",3.1.00,4.2 and up,Positive,0.2234497294372294,0.4877968825156324
435,Hotspot Shield Free VPN Proxy & Wi-Fi Security,TOOLS,4.2,1116393,8.2M,50000000,Free,0,Everyone,Tools,"August 6, 2018",6.1.0,4.1 and up,Positive,0.2517647058823529,0.3932843137254902
436,"GO Keyboard - Cute Emojis, Themes and GIFs",TOOLS,4.5,4594198,Varies with device,100000000,Free,0,Everyone,Tools,"July 31, 2018",Varies with device,Varies with device,Positive,0.2239008620689655,0.3106130268199233
437,Google Handwriting Input,TOOLS,4.3,94427,Varies with device,10000000,Free,0,Everyone,Tools,"August 2, 2018",Varies with device,Varies with device,Positive,0.2541081871345029,0.3932984705353126
438,CM Locker - Security Lockscreen,TOOLS,4.6,3090727,Varies with device,100000000,Free,0,Everyone,Tools,"July 31, 2018",Varies with device,Varies with device,Positive,0.2400545230424798,0.480303944163994
439,CM Locker - Security Lockscreen,TOOLS,4.6,3090680,Varies with device,100000000,Free,0,Everyone,Tools,"July 31, 2018",Varies with device,Varies with device,Positive,0.2400545230424798,0.480303944163994
440,AppLock - Fingerprint,TOOLS,4.4,745245,3.5M,10000000,Free,0,Everyone,Tools,"April 13, 2018",7.2.0,2.3 and up,Positive,0.2099395141895141,0.5643250329105592
441,"CM Launcher 3D - Theme, Wallpapers, Efficient",PERSONALIZATION,4.6,6702776,17M,100000000,Free,0,Teen,Personalization,"August 3, 2018",5.41.0,4.0.3 and up,Positive,0.2824789562289562,0.5911111111111111
442,"CM Launcher 3D - Theme, Wallpapers, Efficient",PERSONALIZATION,4.6,6700847,17M,100000000,Free,0,Teen,Personalization,"August 3, 2018",5.41.0,4.0.3 and up,Positive,0.2824789562289562,0.5911111111111111
443,Diamond Zipper Lock Screen,PERSONALIZATION,4.3,71688,12M,10000000,Free,0,Everyone,Personalization,"June 11, 2018",3.5,4.1 and up,Positive,0.1597303921568627,0.6061519607843138
444,Backgrounds (HD Wallpapers),PERSONALIZATION,4.7,202474,3.0M,10000000,Free,0,Teen,Personalization,"August 9, 2017",2.6.0,4.0 and up,Positive,0.264431758056758,0.599070847362514
445,"APUS Launcher - Theme, Wallpaper, Hide Apps",PERSONALIZATION,4.5,5783441,14M,100000000,Free,0,Everyone,Personalization,"August 6, 2018",3.9.7,4.0.3 and up,Positive,0.4474731182795698,0.5185483870967742
446,Apex Launcher,PERSONALIZATION,4.3,266401,Varies with device,10000000,Free,0,Everyone,Personalization,"August 4, 2018",Varies with device,Varies with device,Positive,0.1061327486171236,0.4681670875420875
447,Apex Launcher,PERSONALIZATION,4.3,266402,Varies with device,10000000,Free,0,Everyone,Personalization,"August 4, 2018",Varies with device,Varies with device,Positive,0.1061327486171236,0.4681670875420875
448,Apex Launcher,PERSONALIZATION,4.3,266434,Varies with device,10000000,Free,0,Everyone,Personalization,"August 4, 2018",Varies with device,Varies with device,Positive,0.1061327486171236,0.4681670875420875
449,ASUS Cover for ZenFone 2,PERSONALIZATION,4.4,43960,9.8M,10000000,Free,0,Everyone,Personalization,"December 1, 2017",2.0.0.39_171124,5.0 and up,Positive,0.0763888888888888,0.4430555555555555
450,Best Wallpapers QHD,PERSONALIZATION,4.4,294701,5.1M,10000000,Free,0,Teen,Personalization,"March 17, 2018",2.85,4.0.3 and up,Positive,0.4722514455782313,0.6184401360544217
451,Flowers Live Wallpaper,PERSONALIZATION,4.1,118459,3.3M,10000000,Free,0,Everyone,Personalization,"October 27, 2017",4.0,4.1 and up,Positive,0.2051790633608815,0.5650367309458219
452,Galactic Core Free Wallpaper,PERSONALIZATION,4.1,69417,853k,10000000,Free,0,Everyone,Personalization,"May 1, 2014",2.41,2.1 and up,Positive,0.2475675681057625,0.6578138425360648
453,Asteroids 3D live wallpaper,PERSONALIZATION,4.1,157495,6.4M,10000000,Free,0,Everyone,Personalization,"July 24, 2018",4.0.0.7,4.4 and up,Positive,0.253524397462264,0.4823173608730793
454,Backgrounds HD (Wallpapers),PERSONALIZATION,4.6,2390185,Varies with device,100000000,Free,0,Teen,Personalization,"August 4, 2018",Varies with device,Varies with device,Positive,0.3538759018759018,0.5209487734487734
455,Backgrounds HD (Wallpapers),PERSONALIZATION,4.6,2390099,Varies with device,100000000,Free,0,Teen,Personalization,"August 4, 2018",Varies with device,Varies with device,Positive,0.3538759018759018,0.5209487734487734
456,Buzz Launcher-Smart&Free Theme,PERSONALIZATION,4.4,251616,13M,10000000,Free,0,Everyone,Personalization,"November 13, 2017",1.9.7.07,4.0.3 and up,Positive,0.2013448437034746,0.5776225692297121
457,"GO Keyboard - Emoticon keyboard, Free Theme, GIF",PERSONALIZATION,4.4,2591941,Varies with device,100000000,Free,0,Everyone,Personalization,"July 20, 2018",Varies with device,Varies with device,Positive,0.3074404215313306,0.502509237395601
458,"GO Keyboard - Emoticon keyboard, Free Theme, GIF",PERSONALIZATION,4.4,2591610,Varies with device,100000000,Free,0,Everyone,Personalization,"July 20, 2018",Varies with device,Varies with device,Positive,0.3074404215313306,0.502509237395601
459,"All-In-One Toolbox: Cleaner, Booster, App Manager",PRODUCTIVITY,4.7,536926,Varies with device,10000000,Free,0,Everyone,Productivity,"August 5, 2018",Varies with device,Varies with device,Positive,0.2673350933578206,0.5456981066071975
460,Adobe Acrobat Reader,PRODUCTIVITY,4.3,3016297,Varies with device,100000000,Free,0,Everyone,Productivity,"April 17, 2018",Varies with device,Varies with device,Positive,0.1550616629812231,0.4871584284200024
461,Adobe Acrobat Reader,PRODUCTIVITY,4.3,3016305,Varies with device,100000000,Free,0,Everyone,Productivity,"April 17, 2018",Varies with device,Varies with device,Positive,0.1550616629812231,0.4871584284200024
462,Adobe Acrobat Reader,PRODUCTIVITY,4.3,3014548,Varies with device,100000000,Free,0,Everyone,Productivity,"April 17, 2018",Varies with device,Varies with device,Positive,0.1550616629812231,0.4871584284200024
463,Chrome Beta,PRODUCTIVITY,4.4,228794,Varies with device,10000000,Free,0,Everyone,Productivity,"August 6, 2018",68.0.3440.91,Varies with device,Positive,0.2316251724639882,0.3778816200855674
464,Chrome Beta,PRODUCTIVITY,4.4,228755,Varies with device,10000000,Free,0,Everyone,Productivity,"July 19, 2018",68.0.3440.70,Varies with device,Positive,0.2316251724639882,0.3778816200855674
465,Google PDF Viewer,PRODUCTIVITY,4.2,226456,Varies with device,10000000,Free,0,Everyone,Productivity,"October 9, 2017",Varies with device,Varies with device,Positive,0.1004104211760461,0.4412866107933072
466,Google PDF Viewer,PRODUCTIVITY,4.2,226456,Varies with device,10000000,Free,0,Everyone,Productivity,"October 9, 2017",Varies with device,Varies with device,Positive,0.1004104211760461,0.4412866107933072
467,Google PDF Viewer,PRODUCTIVITY,4.2,226453,Varies with device,10000000,Free,0,Everyone,Productivity,"October 9, 2017",Varies with device,Varies with device,Positive,0.1004104211760461,0.4412866107933072
468,Calculator - unit converter,PRODUCTIVITY,4.7,287250,Varies with device,50000000,Free,0,Everyone,Productivity,"May 9, 2018",Varies with device,Varies with device,Positive,0.1833333333333333,0.5333333333333333
469,Google Keep,PRODUCTIVITY,4.4,691474,Varies with device,100000000,Free,0,Everyone,Productivity,"August 6, 2018",Varies with device,Varies with device,Positive,0.1000168700347271,0.4888327030112744
470,Google Keep,PRODUCTIVITY,4.4,691474,Varies with device,100000000,Free,0,Everyone,Productivity,"August 6, 2018",Varies with device,Varies with device,Positive,0.1000168700347271,0.4888327030112744
471,Google Keep,PRODUCTIVITY,4.4,691474,Varies with device,100000000,Free,0,Everyone,Productivity,"August 6, 2018",Varies with device,Varies with device,Positive,0.1000168700347271,0.4888327030112744
472,Google Keep,PRODUCTIVITY,4.4,691474,Varies with device,100000000,Free,0,Everyone,Productivity,"August 6, 2018",Varies with device,Varies with device,Positive,0.1000168700347271,0.4888327030112744
473,ASUS SuperNote,PRODUCTIVITY,4.5,26559,Varies with device,10000000,Free,0,Everyone,Productivity,"April 14, 2017",Varies with device,Varies with device,Positive,0.1927914235522931,0.484638308551352
474,HTC File Manager,PRODUCTIVITY,4.2,13500,Varies with device,10000000,Free,0,Everyone,Productivity,"December 11, 2017",Varies with device,Varies with device,Neutral,0.0889490139490139,0.261050986050986
475,Dropbox,PRODUCTIVITY,4.4,1861310,61M,500000000,Free,0,Everyone,Productivity,"August 1, 2018",Varies with device,Varies with device,Positive,0.2363305250579099,0.4436356041619199
476,Dropbox,PRODUCTIVITY,4.4,1861309,61M,500000000,Free,0,Everyone,Productivity,"August 1, 2018",Varies with device,Varies with device,Positive,0.2363305250579099,0.4436356041619199
477,Dropbox,PRODUCTIVITY,4.4,1860844,61M,500000000,Free,0,Everyone,Productivity,"August 1, 2018",Varies with device,Varies with device,Positive,0.2363305250579099,0.4436356041619199
478,ASUS Quick Memo,PRODUCTIVITY,4.5,23089,1.6M,10000000,Free,0,Everyone,Productivity,"April 11, 2018",1.10.0.33_180403,5.0 - 8.0,Neutral,0.0291666666666666,0.3333333333333333
479,HTC Calendar,PRODUCTIVITY,3.9,6949,Varies with device,10000000,Free,0,Everyone,Productivity,"December 27, 2017",Varies with device,Varies with device,Negative,-0.0376262626262626,0.694949494949495
480,ASUS Calling Screen,PRODUCTIVITY,4.2,102451,Varies with device,10000000,Free,0,Everyone,Productivity,"March 15, 2018",Varies with device,Varies with device,Neutral,0.0631639309764309,0.4153295604858105
481,HTC Mail,PRODUCTIVITY,3.1,6572,Varies with device,10000000,Free,0,Everyone,Productivity,"May 29, 2018",Varies with device,Varies with device,Positive,0.0787479282869907,0.4266290501826216
482,Advanced Task Killer,PRODUCTIVITY,4.4,577059,1.5M,50000000,Free,0,Everyone,Productivity,"August 7, 2016",2.2.1B216,2.3.3 and up,Positive,0.1388515211640211,0.43680291005291
483,Do It Later: Tasks & To-Dos,PRODUCTIVITY,4.5,123412,Varies with device,50000000,Free,0,Everyone,Productivity,"April 13, 2018",Varies with device,Varies with device,Positive,0.1682022607022607,0.3273473530826472
484,Do It Later: Tasks & To-Dos,PRODUCTIVITY,4.5,123412,Varies with device,50000000,Free,0,Everyone,Productivity,"April 13, 2018",Varies with device,Varies with device,Positive,0.1682022607022607,0.3273473530826472
485,"Any.do: To-do list, Calendar, Reminders & Planner",PRODUCTIVITY,4.5,298843,Varies with device,10000000,Free,0,Everyone,Productivity,"August 5, 2018",Varies with device,Varies with device,Positive,0.2160376372797108,0.4500429534831867
486,"Any.do: To-do list, Calendar, Reminders & Planner",PRODUCTIVITY,4.5,298854,Varies with device,10000000,Free,0,Everyone,Productivity,"August 5, 2018",Varies with device,Varies with device,Positive,0.2160376372797108,0.4500429534831867
487,"Any.do: To-do list, Calendar, Reminders & Planner",PRODUCTIVITY,4.5,298854,Varies with device,10000000,Free,0,Everyone,Productivity,"August 5, 2018",Varies with device,Varies with device,Positive,0.2160376372797108,0.4500429534831867
488,Easy Voice Recorder,PRODUCTIVITY,4.4,205191,7.1M,10000000,Free,0,Everyone,Productivity,"June 20, 2018",2.4.5,4.1 and up,Positive,0.4358370518370518,0.5656775421363334
489,File Browser by Astro (File Manager),PRODUCTIVITY,4.3,609182,9.2M,50000000,Free,0,Everyone,Productivity,"July 2, 2018",6.4.0,4.0 and up,Positive,0.1119917929292929,0.4526994949494949
490,Google Slides,PRODUCTIVITY,4.2,244567,Varies with device,100000000,Free,0,Everyone,Productivity,"August 6, 2018",Varies with device,Varies with device,Positive,0.9333333333333332,0.9166666666666666
491,ColorNote Notepad Notes,PRODUCTIVITY,4.6,2401017,Varies with device,100000000,Free,0,Everyone,Productivity,"June 27, 2018",Varies with device,Varies with device,Positive,0.2756545646595997,0.5111720565841794
492,ColorNote Notepad Notes,PRODUCTIVITY,4.6,2401017,Varies with device,100000000,Free,0,Everyone,Productivity,"June 27, 2018",Varies with device,Varies with device,Positive,0.2756545646595997,0.5111720565841794
493,AccuWeather: Daily Forecast & Live Weather Reports,WEATHER,4.4,2053404,Varies with device,50000000,Free,0,Everyone,Weather,"August 6, 2018",Varies with device,Varies with device,Positive,0.2007233097577335,0.4937064606400544
494,AccuWeather: Daily Forecast & Live Weather Reports,WEATHER,4.4,2052407,Varies with device,50000000,Free,0,Everyone,Weather,"August 2, 2018",Varies with device,Varies with device,Positive,0.2007233097577335,0.4937064606400544
495,"GO Weather - Widget, Theme, Wallpaper, Efficient",WEATHER,4.5,1422858,Varies with device,50000000,Free,0,Everyone,Weather,"August 3, 2018",Varies with device,Varies with device,Positive,0.3334000273124918,0.4387031024531024
496,HTC Weather,WEATHER,3.9,22154,Varies with device,10000000,Free,0,Everyone,Weather,"August 10, 2017",8.50.935520,4.4 and up,Positive,0.0676248306201405,0.4530939659755449
497,HTC Gallery,VIDEO_PLAYERS,4.1,45744,Varies with device,10000000,Free,0,Everyone,Video Players & Editors,"June 3, 2016",9.51.755029,4.4 and up,Positive,0.0315439954390847,0.4448680287966002
498,BBC News,NEWS_AND_MAGAZINES,4.3,296781,Varies with device,10000000,Free,0,Everyone 10+,News & Magazines,"July 24, 2018",Varies with device,Varies with device,Positive,0.0969990437252342,0.3889242004321369
499,BBC News,NEWS_AND_MAGAZINES,4.3,296781,Varies with device,10000000,Free,0,Everyone 10+,News & Magazines,"July 24, 2018",Varies with device,Varies with device,Positive,0.0969990437252342,0.3889242004321369
500,BBC News,NEWS_AND_MAGAZINES,4.3,296781,Varies with device,10000000,Free,0,Everyone 10+,News & Magazines,"July 24, 2018",Varies with device,Varies with device,Positive,0.0969990437252342,0.3889242004321369
501,CNN Breaking US & World News,NEWS_AND_MAGAZINES,4.0,293080,25M,10000000,Free,0,Everyone 10+,News & Magazines,"August 6, 2018",5.17,4.4 and up,Positive,0.0573478889661925,0.5081744708841328
502,CNN Breaking US & World News,NEWS_AND_MAGAZINES,4.0,293080,25M,10000000,Free,0,Everyone 10+,News & Magazines,"August 6, 2018",5.17,4.4 and up,Positive,0.0573478889661925,0.5081744708841328
503,CNN Breaking US & World News,NEWS_AND_MAGAZINES,4.0,293080,25M,10000000,Free,0,Everyone 10+,News & Magazines,"August 6, 2018",5.17,4.4 and up,Positive,0.0573478889661925,0.5081744708841328
504,"Dailyhunt (Newshunt) - Latest News, Viral Videos",NEWS_AND_MAGAZINES,4.3,948198,Varies with device,50000000,Free,0,Teen,News & Magazines,"July 19, 2018",Varies with device,Varies with device,Negative,-0.0661458333333333,0.5541666666666667
505,Google News,NEWS_AND_MAGAZINES,3.9,877635,13M,1000000000,Free,0,Teen,News & Magazines,"August 1, 2018",5.2.0,4.4 and up,Positive,0.093916740226264,0.4967756013093314
506,Google News,NEWS_AND_MAGAZINES,3.9,877635,13M,1000000000,Free,0,Teen,News & Magazines,"August 1, 2018",5.2.0,4.4 and up,Positive,0.093916740226264,0.4967756013093314
507,Google News,NEWS_AND_MAGAZINES,3.9,877643,13M,1000000000,Free,0,Teen,News & Magazines,"August 1, 2018",5.2.0,4.4 and up,Positive,0.093916740226264,0.4967756013093314
508,Google News,NEWS_AND_MAGAZINES,3.9,878065,13M,1000000000,Free,0,Teen,News & Magazines,"August 1, 2018",5.2.0,4.4 and up,Positive,0.093916740226264,0.4967756013093314
509,Flipboard: News For Our Time,NEWS_AND_MAGAZINES,4.4,1284017,Varies with device,500000000,Free,0,Everyone 10+,News & Magazines,"August 3, 2018",Varies with device,Varies with device,Positive,0.385865003052503,0.4338217338217338
510,Flipboard: News For Our Time,NEWS_AND_MAGAZINES,4.4,1284017,Varies with device,500000000,Free,0,Everyone 10+,News & Magazines,"August 3, 2018",Varies with device,Varies with device,Positive,0.385865003052503,0.4338217338217338
511,Flipboard: News For Our Time,NEWS_AND_MAGAZINES,4.4,1284018,Varies with device,500000000,Free,0,Everyone 10+,News & Magazines,"August 3, 2018",Varies with device,Varies with device,Positive,0.385865003052503,0.4338217338217338
512,Bloomberg: Market & Financial News,NEWS_AND_MAGAZINES,4.2,61692,27M,10000000,Free,0,Everyone,News & Magazines,"July 25, 2018",5.9.1.1347176.a3ca6ab274,4.4 and up,Neutral,0.0547054473304473,0.3379659090909091
513,Akinator,FAMILY,4.3,1805398,55M,50000000,Free,0,Teen,Entertainment,"June 11, 2018",6.5.2,4.4 and up,Positive,-0.0148988896693203,0.4953002693665287
514,Build a Bridge!,FAMILY,4.6,263454,74M,10000000,Free,0,Everyone,Puzzle,"August 2, 2018",2.1.1,4.1 and up,Positive,0.0883563101949729,0.5132795923161372
515,Azar,COMMUNICATION,4.2,1092337,Varies with device,50000000,Free,0,Mature 17+,Communication,"July 24, 2018",Varies with device,Varies with device,Positive,0.068403809175803,0.4817058198444068
516,Asphalt 8: Airborne,GAME,4.5,8389714,92M,100000000,Free,0,Teen,Racing,"July 4, 2018",3.7.1a,4.0.3 and up,Positive,0.0044504107258209,0.5135438903805984
517,Basketball Stars,SPORTS,4.4,867920,45M,10000000,Free,0,Everyone,Sports,"July 14, 2018",1.16.2,4.0.3 and up,Positive,0.0139051126856269,0.4871262763528012
518,Fake Call - Fake Caller ID,PRODUCTIVITY,4.3,154668,Varies with device,10000000,Free,0,Everyone,Productivity,"August 2, 2018",Varies with device,Varies with device,Positive,0.2977941730740238,0.4860976502767548
519,AutoCAD - DWG Viewer & Editor,PRODUCTIVITY,4.2,145088,24M,10000000,Free,0,Everyone,Productivity,"July 23, 2018",4.5.19,4.4 and up,Positive,0.1196011954866121,0.4872144310165143
520,Bible,BOOKS_AND_REFERENCE,4.7,2440695,Varies with device,100000000,Free,0,Teen,Books & Reference,"August 2, 2018",Varies with device,Varies with device,Positive,0.363495437391217,0.5336252466987003
521,Hay Day,FAMILY,4.5,10053186,94M,100000000,Free,0,Everyone,Casual,"June 28, 2018",1_39_93,4.0.3 and up,Positive,0.0195723487398422,0.5036815863370004
522,Bad Piggies,FAMILY,4.3,1168959,66M,50000000,Free,0,Everyone,Puzzle,"May 3, 2017",2.3.3,4.1 and up,Negative,0.0079406596488457,0.5389492408533662
523,Dumb Ways to Die 2: The Games,FAMILY,4.2,1671658,Varies with device,50000000,Free,0,Teen,Casual,"July 12, 2018",Varies with device,Varies with device,Positive,0.0272082492394992,0.4694232381732382
524,AppLock,TOOLS,4.4,4931562,Varies with device,100000000,Free,0,Everyone,Tools,"June 11, 2018",Varies with device,Varies with device,Negative,0.0162333499833499,0.4999414474414474
525,Avakin Life - 3D virtual world,FAMILY,4.4,1275373,91M,10000000,Free,0,Teen,Role Playing,"July 3, 2018",1.021.10,4.1 and up,Positive,0.0808591664302891,0.5053262068732377
526,A+ Gallery - Photos & Videos,PHOTOGRAPHY,4.5,223941,Varies with device,10000000,Free,0,Everyone,Photography,"August 6, 2018",Varies with device,Varies with device,Positive,0.2088149162103866,0.4028702781925778
